[
{
  "model": "admin.logentry",
  "pk": 1,
  "fields": {
    "action_time": "2025-03-10T01:38:48.373+07:00",
    "user": 2,
    "content_type": 19,
    "object_id": "1",
    "object_repr": "nghialuong",
    "action_flag": 3,
    "change_message": ""
  }
},
{
  "model": "admin.logentry",
  "pk": 2,
  "fields": {
    "action_time": "2025-03-10T01:38:48.374+07:00",
    "user": 2,
    "content_type": 19,
    "object_id": "3",
    "object_repr": "nghialuong",
    "action_flag": 3,
    "change_message": ""
  }
},
{
  "model": "admin.logentry",
  "pk": 3,
  "fields": {
    "action_time": "2025-03-10T01:38:48.374+07:00",
    "user": 2,
    "content_type": 19,
    "object_id": "4",
    "object_repr": "stringstring",
    "action_flag": 3,
    "change_message": ""
  }
},
{
  "model": "admin.logentry",
  "pk": 4,
  "fields": {
    "action_time": "2025-03-10T01:38:48.374+07:00",
    "user": 2,
    "content_type": 19,
    "object_id": "6",
    "object_repr": "LuongNghia",
    "action_flag": 3,
    "change_message": ""
  }
},
{
  "model": "admin.logentry",
  "pk": 5,
  "fields": {
    "action_time": "2025-03-10T01:38:48.374+07:00",
    "user": 2,
    "content_type": 19,
    "object_id": "7",
    "object_repr": "LuongNghia",
    "action_flag": 3,
    "change_message": ""
  }
},
{
  "model": "admin.logentry",
  "pk": 6,
  "fields": {
    "action_time": "2025-03-10T01:38:48.374+07:00",
    "user": 2,
    "content_type": 19,
    "object_id": "8",
    "object_repr": "LuongNghia",
    "action_flag": 3,
    "change_message": ""
  }
},
{
  "model": "admin.logentry",
  "pk": 7,
  "fields": {
    "action_time": "2025-03-10T01:38:48.374+07:00",
    "user": 2,
    "content_type": 19,
    "object_id": "5",
    "object_repr": "stringstring",
    "action_flag": 3,
    "change_message": ""
  }
},
{
  "model": "admin.logentry",
  "pk": 8,
  "fields": {
    "action_time": "2025-03-10T01:39:10.758+07:00",
    "user": 2,
    "content_type": 12,
    "object_id": "3",
    "object_repr": "Trà",
    "action_flag": 2,
    "change_message": "[{\"changed\": {\"fields\": [\"Name\", \"Description\"]}}]"
  }
},
{
  "model": "admin.logentry",
  "pk": 9,
  "fields": {
    "action_time": "2025-03-10T01:39:18.172+07:00",
    "user": 2,
    "content_type": 12,
    "object_id": "2",
    "object_repr": "Nước",
    "action_flag": 2,
    "change_message": "[{\"changed\": {\"fields\": [\"Name\", \"Description\"]}}]"
  }
},
{
  "model": "admin.logentry",
  "pk": 10,
  "fields": {
    "action_time": "2025-03-10T01:39:28.422+07:00",
    "user": 2,
    "content_type": 12,
    "object_id": "1",
    "object_repr": "Bánh",
    "action_flag": 2,
    "change_message": "[{\"changed\": {\"fields\": [\"Name\", \"Description\", \"Is active\"]}}]"
  }
},
{
  "model": "admin.logentry",
  "pk": 11,
  "fields": {
    "action_time": "2025-03-10T01:39:39.856+07:00",
    "user": 2,
    "content_type": 12,
    "object_id": "1",
    "object_repr": "Bánh",
    "action_flag": 2,
    "change_message": "[{\"changed\": {\"fields\": [\"Is active\"]}}]"
  }
},
{
  "model": "admin.logentry",
  "pk": 12,
  "fields": {
    "action_time": "2025-03-10T01:39:48.684+07:00",
    "user": 2,
    "content_type": 14,
    "object_id": "2",
    "object_repr": "bánh mì - Image 2",
    "action_flag": 3,
    "change_message": ""
  }
},
{
  "model": "admin.logentry",
  "pk": 13,
  "fields": {
    "action_time": "2025-03-10T01:39:48.684+07:00",
    "user": 2,
    "content_type": 14,
    "object_id": "1",
    "object_repr": "bánh mì - Image 1",
    "action_flag": 3,
    "change_message": ""
  }
},
{
  "model": "admin.logentry",
  "pk": 14,
  "fields": {
    "action_time": "2025-03-10T01:39:56.517+07:00",
    "user": 2,
    "content_type": 13,
    "object_id": "5",
    "object_repr": "pepsi",
    "action_flag": 3,
    "change_message": ""
  }
},
{
  "model": "admin.logentry",
  "pk": 15,
  "fields": {
    "action_time": "2025-03-10T01:39:56.517+07:00",
    "user": 2,
    "content_type": 13,
    "object_id": "4",
    "object_repr": "cocacola",
    "action_flag": 3,
    "change_message": ""
  }
},
{
  "model": "admin.logentry",
  "pk": 16,
  "fields": {
    "action_time": "2025-03-10T01:39:56.517+07:00",
    "user": 2,
    "content_type": 13,
    "object_id": "3",
    "object_repr": "bánh gai",
    "action_flag": 3,
    "change_message": ""
  }
},
{
  "model": "admin.logentry",
  "pk": 17,
  "fields": {
    "action_time": "2025-03-10T01:39:56.517+07:00",
    "user": 2,
    "content_type": 13,
    "object_id": "2",
    "object_repr": "bánh táo",
    "action_flag": 3,
    "change_message": ""
  }
},
{
  "model": "admin.logentry",
  "pk": 18,
  "fields": {
    "action_time": "2025-03-10T01:39:56.517+07:00",
    "user": 2,
    "content_type": 13,
    "object_id": "1",
    "object_repr": "bánh mì",
    "action_flag": 3,
    "change_message": ""
  }
},
{
  "model": "admin.logentry",
  "pk": 19,
  "fields": {
    "action_time": "2025-03-10T01:54:07.222+07:00",
    "user": 2,
    "content_type": 12,
    "object_id": "1",
    "object_repr": "Bánh",
    "action_flag": 2,
    "change_message": "[{\"changed\": {\"fields\": [\"Is active\"]}}]"
  }
},
{
  "model": "admin.logentry",
  "pk": 20,
  "fields": {
    "action_time": "2025-03-10T01:54:12.274+07:00",
    "user": 2,
    "content_type": 12,
    "object_id": "3",
    "object_repr": "Trà",
    "action_flag": 3,
    "change_message": ""
  }
},
{
  "model": "admin.logentry",
  "pk": 21,
  "fields": {
    "action_time": "2025-03-10T01:54:12.274+07:00",
    "user": 2,
    "content_type": 12,
    "object_id": "2",
    "object_repr": "Nước",
    "action_flag": 3,
    "change_message": ""
  }
},
{
  "model": "admin.logentry",
  "pk": 22,
  "fields": {
    "action_time": "2025-03-10T01:54:12.274+07:00",
    "user": 2,
    "content_type": 12,
    "object_id": "1",
    "object_repr": "Bánh",
    "action_flag": 3,
    "change_message": ""
  }
},
{
  "model": "admin.logentry",
  "pk": 23,
  "fields": {
    "action_time": "2025-03-10T01:54:23.366+07:00",
    "user": 2,
    "content_type": 12,
    "object_id": "4",
    "object_repr": "Hamburger",
    "action_flag": 1,
    "change_message": "[{\"added\": {}}]"
  }
},
{
  "model": "admin.logentry",
  "pk": 24,
  "fields": {
    "action_time": "2025-03-10T01:54:48.988+07:00",
    "user": 2,
    "content_type": 12,
    "object_id": "5",
    "object_repr": "Đá xay",
    "action_flag": 1,
    "change_message": "[{\"added\": {}}]"
  }
},
{
  "model": "admin.logentry",
  "pk": 25,
  "fields": {
    "action_time": "2025-03-10T01:55:03.129+07:00",
    "user": 2,
    "content_type": 12,
    "object_id": "6",
    "object_repr": "Kem",
    "action_flag": 1,
    "change_message": "[{\"added\": {}}]"
  }
},
{
  "model": "admin.logentry",
  "pk": 26,
  "fields": {
    "action_time": "2025-03-10T01:55:19.320+07:00",
    "user": 2,
    "content_type": 12,
    "object_id": "7",
    "object_repr": "Muffin",
    "action_flag": 1,
    "change_message": "[{\"added\": {}}]"
  }
},
{
  "model": "admin.logentry",
  "pk": 27,
  "fields": {
    "action_time": "2025-03-10T01:56:42.721+07:00",
    "user": 2,
    "content_type": 13,
    "object_id": "6",
    "object_repr": "Muffin xúc xích, phô-mai đặc biệt",
    "action_flag": 1,
    "change_message": "[{\"added\": {}}]"
  }
},
{
  "model": "admin.logentry",
  "pk": 28,
  "fields": {
    "action_time": "2025-03-10T01:57:22.467+07:00",
    "user": 2,
    "content_type": 13,
    "object_id": "6",
    "object_repr": "Muffin xúc xích, phô-mai đặc biệt",
    "action_flag": 2,
    "change_message": "[{\"changed\": {\"fields\": [\"Mainimage\"]}}]"
  }
},
{
  "model": "admin.logentry",
  "pk": 29,
  "fields": {
    "action_time": "2025-03-10T01:57:48.477+07:00",
    "user": 2,
    "content_type": 13,
    "object_id": "7",
    "object_repr": "Muffin Gà",
    "action_flag": 1,
    "change_message": "[{\"added\": {}}]"
  }
},
{
  "model": "admin.logentry",
  "pk": 30,
  "fields": {
    "action_time": "2025-03-10T01:58:16.643+07:00",
    "user": 2,
    "content_type": 13,
    "object_id": "8",
    "object_repr": "Muffin ốp-la, phô-mai",
    "action_flag": 1,
    "change_message": "[{\"added\": {}}]"
  }
},
{
  "model": "admin.logentry",
  "pk": 31,
  "fields": {
    "action_time": "2025-03-10T01:59:05.990+07:00",
    "user": 2,
    "content_type": 13,
    "object_id": "9",
    "object_repr": "Burger Bò phô mai đặc biệt",
    "action_flag": 1,
    "change_message": "[{\"added\": {}}]"
  }
},
{
  "model": "admin.logentry",
  "pk": 32,
  "fields": {
    "action_time": "2025-03-10T01:59:40.931+07:00",
    "user": 2,
    "content_type": 13,
    "object_id": "10",
    "object_repr": "Burger 2 lớp bò, phô-mai",
    "action_flag": 1,
    "change_message": "[{\"added\": {}}]"
  }
},
{
  "model": "admin.logentry",
  "pk": 33,
  "fields": {
    "action_time": "2025-03-10T02:00:14.046+07:00",
    "user": 2,
    "content_type": 13,
    "object_id": "11",
    "object_repr": "Burger Bò miếng lớn phô-mai",
    "action_flag": 1,
    "change_message": "[{\"added\": {}}]"
  }
},
{
  "model": "admin.logentry",
  "pk": 34,
  "fields": {
    "action_time": "2025-03-10T02:00:28.183+07:00",
    "user": 2,
    "content_type": 13,
    "object_id": "10",
    "object_repr": "Burger 2 lớp bò, phô-mai",
    "action_flag": 2,
    "change_message": "[{\"changed\": {\"fields\": [\"Category\"]}}]"
  }
},
{
  "model": "admin.logentry",
  "pk": 35,
  "fields": {
    "action_time": "2025-03-10T02:00:54.140+07:00",
    "user": 2,
    "content_type": 13,
    "object_id": "12",
    "object_repr": "Burger Gà phô-mai đặc biệt",
    "action_flag": 1,
    "change_message": "[{\"added\": {}}]"
  }
},
{
  "model": "admin.logentry",
  "pk": 36,
  "fields": {
    "action_time": "2025-03-10T02:01:25.449+07:00",
    "user": 2,
    "content_type": 13,
    "object_id": "13",
    "object_repr": "Burger Big Mac",
    "action_flag": 1,
    "change_message": "[{\"added\": {}}]"
  }
},
{
  "model": "admin.logentry",
  "pk": 37,
  "fields": {
    "action_time": "2025-03-10T02:01:54.954+07:00",
    "user": 2,
    "content_type": 13,
    "object_id": "14",
    "object_repr": "Burger Gà Nhỏ Mayo",
    "action_flag": 1,
    "change_message": "[{\"added\": {}}]"
  }
},
{
  "model": "admin.logentry",
  "pk": 38,
  "fields": {
    "action_time": "2025-03-10T02:02:19.051+07:00",
    "user": 2,
    "content_type": 13,
    "object_id": "15",
    "object_repr": "Burger Xúc Xích - 337 Kcal",
    "action_flag": 1,
    "change_message": "[{\"added\": {}}]"
  }
},
{
  "model": "admin.logentry",
  "pk": 39,
  "fields": {
    "action_time": "2025-03-10T02:03:09.376+07:00",
    "user": 2,
    "content_type": 13,
    "object_id": "16",
    "object_repr": "Burger bò truyền thống",
    "action_flag": 1,
    "change_message": "[{\"added\": {}}]"
  }
},
{
  "model": "admin.logentry",
  "pk": 40,
  "fields": {
    "action_time": "2025-03-10T02:04:21.099+07:00",
    "user": 2,
    "content_type": 13,
    "object_id": "9",
    "object_repr": "Burger Bò phô mai đặc biệt",
    "action_flag": 2,
    "change_message": "[{\"changed\": {\"fields\": [\"Mainimage\"]}}]"
  }
},
{
  "model": "admin.logentry",
  "pk": 41,
  "fields": {
    "action_time": "2025-03-10T02:04:55.026+07:00",
    "user": 2,
    "content_type": 13,
    "object_id": "10",
    "object_repr": "Burger 2 lớp bò, phô-mai",
    "action_flag": 2,
    "change_message": "[{\"changed\": {\"fields\": [\"Mainimage\"]}}]"
  }
},
{
  "model": "admin.logentry",
  "pk": 42,
  "fields": {
    "action_time": "2025-03-10T02:09:40.715+07:00",
    "user": 2,
    "content_type": 13,
    "object_id": "17",
    "object_repr": "Trà xanh đá xay",
    "action_flag": 1,
    "change_message": "[{\"added\": {}}]"
  }
},
{
  "model": "admin.logentry",
  "pk": 43,
  "fields": {
    "action_time": "2025-03-10T02:10:13.039+07:00",
    "user": 2,
    "content_type": 13,
    "object_id": "18",
    "object_repr": "Caramen đá xay",
    "action_flag": 1,
    "change_message": "[{\"added\": {}}]"
  }
},
{
  "model": "admin.logentry",
  "pk": 44,
  "fields": {
    "action_time": "2025-03-10T02:10:42.715+07:00",
    "user": 2,
    "content_type": 13,
    "object_id": "19",
    "object_repr": "Mocha Đá Xay",
    "action_flag": 1,
    "change_message": "[{\"added\": {}}]"
  }
},
{
  "model": "admin.logentry",
  "pk": 45,
  "fields": {
    "action_time": "2025-03-10T02:11:20.688+07:00",
    "user": 2,
    "content_type": 13,
    "object_id": "20",
    "object_repr": "Latte Đá Xay",
    "action_flag": 1,
    "change_message": "[{\"added\": {}}]"
  }
},
{
  "model": "admin.logentry",
  "pk": 46,
  "fields": {
    "action_time": "2025-03-10T02:12:31.118+07:00",
    "user": 2,
    "content_type": 13,
    "object_id": "21",
    "object_repr": "Kem ốc quế",
    "action_flag": 1,
    "change_message": "[{\"added\": {}}]"
  }
},
{
  "model": "admin.logentry",
  "pk": 47,
  "fields": {
    "action_time": "2025-03-10T02:13:00.738+07:00",
    "user": 2,
    "content_type": 13,
    "object_id": "22",
    "object_repr": "Kem McSundae™ xốt Sôcôla",
    "action_flag": 1,
    "change_message": "[{\"added\": {}}]"
  }
},
{
  "model": "admin.logentry",
  "pk": 48,
  "fields": {
    "action_time": "2025-03-10T02:13:25.637+07:00",
    "user": 2,
    "content_type": 13,
    "object_id": "23",
    "object_repr": "Kem McSundae™ xốt Dâu",
    "action_flag": 1,
    "change_message": "[{\"added\": {}}]"
  }
},
{
  "model": "admin.logentry",
  "pk": 49,
  "fields": {
    "action_time": "2025-03-10T02:13:28.749+07:00",
    "user": 2,
    "content_type": 13,
    "object_id": "23",
    "object_repr": "Kem McSundae™ xốt Dâu",
    "action_flag": 2,
    "change_message": "[]"
  }
},
{
  "model": "admin.logentry",
  "pk": 50,
  "fields": {
    "action_time": "2025-03-10T02:13:48.776+07:00",
    "user": 2,
    "content_type": 13,
    "object_id": "24",
    "object_repr": "Kem Xay Bánh Oreo™",
    "action_flag": 1,
    "change_message": "[{\"added\": {}}]"
  }
},
{
  "model": "admin.logentry",
  "pk": 51,
  "fields": {
    "action_time": "2025-03-10T02:14:08.472+07:00",
    "user": 2,
    "content_type": 13,
    "object_id": "25",
    "object_repr": "Kem Xay Bánh Oreo™ Trà Xanh",
    "action_flag": 1,
    "change_message": "[{\"added\": {}}]"
  }
},
{
  "model": "admin.logentry",
  "pk": 52,
  "fields": {
    "action_time": "2025-03-23T06:59:20.310+07:00",
    "user": 2,
    "content_type": 12,
    "object_id": "8",
    "object_repr": "Đồ uống",
    "action_flag": 2,
    "change_message": "[{\"changed\": {\"fields\": [\"Is active\"]}}]"
  }
},
{
  "model": "admin.logentry",
  "pk": 53,
  "fields": {
    "action_time": "2025-03-31T20:14:31.821+07:00",
    "user": 2,
    "content_type": 12,
    "object_id": "9",
    "object_repr": "Combo",
    "action_flag": 1,
    "change_message": "[{\"added\": {}}]"
  }
},
{
  "model": "admin.logentry",
  "pk": 54,
  "fields": {
    "action_time": "2025-03-31T20:20:40.362+07:00",
    "user": 2,
    "content_type": 13,
    "object_id": "31",
    "object_repr": "4 Piece Chicken McNuggets® Happy Meal®",
    "action_flag": 1,
    "change_message": "[{\"added\": {}}]"
  }
},
{
  "model": "admin.logentry",
  "pk": 55,
  "fields": {
    "action_time": "2025-03-31T20:21:29.284+07:00",
    "user": 2,
    "content_type": 13,
    "object_id": "31",
    "object_repr": "4 Piece Chicken McNuggets® Happy Meal®",
    "action_flag": 2,
    "change_message": "[{\"changed\": {\"fields\": [\"Description\"]}}]"
  }
},
{
  "model": "admin.logentry",
  "pk": 56,
  "fields": {
    "action_time": "2025-04-18T13:53:11.309+07:00",
    "user": 2,
    "content_type": 13,
    "object_id": "31",
    "object_repr": "4 Piece Chicken McNuggets® Happy Meal®",
    "action_flag": 2,
    "change_message": "[{\"changed\": {\"fields\": [\"Flash sale price\", \"Flash sale start\", \"Flash sale end\"]}}]"
  }
},
{
  "model": "admin.logentry",
  "pk": 57,
  "fields": {
    "action_time": "2025-04-18T13:54:37.299+07:00",
    "user": 2,
    "content_type": 13,
    "object_id": "20",
    "object_repr": "Latte Đá Xay",
    "action_flag": 2,
    "change_message": "[{\"changed\": {\"fields\": [\"Flash sale price\", \"Flash sale start\", \"Flash sale end\"]}}]"
  }
},
{
  "model": "admin.logentry",
  "pk": 58,
  "fields": {
    "action_time": "2025-04-18T13:55:04.020+07:00",
    "user": 2,
    "content_type": 13,
    "object_id": "13",
    "object_repr": "Burger Big Mac",
    "action_flag": 2,
    "change_message": "[{\"changed\": {\"fields\": [\"Flash sale price\", \"Flash sale start\", \"Flash sale end\"]}}]"
  }
},
{
  "model": "admin.logentry",
  "pk": 59,
  "fields": {
    "action_time": "2025-04-18T13:55:29.501+07:00",
    "user": 2,
    "content_type": 13,
    "object_id": "12",
    "object_repr": "Burger Gà phô-mai đặc biệt",
    "action_flag": 2,
    "change_message": "[{\"changed\": {\"fields\": [\"Flash sale price\", \"Flash sale start\", \"Flash sale end\"]}}]"
  }
},
{
  "model": "admin.logentry",
  "pk": 60,
  "fields": {
    "action_time": "2025-04-18T18:55:17.772+07:00",
    "user": 2,
    "content_type": 13,
    "object_id": "15",
    "object_repr": "Burger Xúc Xích - 337 Kcal",
    "action_flag": 2,
    "change_message": "[{\"changed\": {\"fields\": [\"Flash sale price\", \"Flash sale start\", \"Flash sale end\"]}}]"
  }
},
{
  "model": "admin.logentry",
  "pk": 61,
  "fields": {
    "action_time": "2025-04-18T18:56:07.346+07:00",
    "user": 2,
    "content_type": 13,
    "object_id": "11",
    "object_repr": "Burger Bò miếng lớn phô-mai",
    "action_flag": 2,
    "change_message": "[{\"changed\": {\"fields\": [\"Flash sale price\", \"Flash sale start\", \"Flash sale end\"]}}]"
  }
},
{
  "model": "admin.logentry",
  "pk": 62,
  "fields": {
    "action_time": "2025-04-18T18:56:25.612+07:00",
    "user": 2,
    "content_type": 13,
    "object_id": "27",
    "object_repr": "Fanta",
    "action_flag": 2,
    "change_message": "[{\"changed\": {\"fields\": [\"Flash sale price\", \"Flash sale start\", \"Flash sale end\"]}}]"
  }
},
{
  "model": "admin.logentry",
  "pk": 63,
  "fields": {
    "action_time": "2025-04-19T20:47:54.388+07:00",
    "user": 2,
    "content_type": 13,
    "object_id": "21",
    "object_repr": "Kem ốc quế",
    "action_flag": 2,
    "change_message": "[{\"changed\": {\"fields\": [\"Flash sale price\", \"Flash sale start\", \"Flash sale end\"]}}]"
  }
},
{
  "model": "admin.logentry",
  "pk": 64,
  "fields": {
    "action_time": "2025-04-19T20:48:09.912+07:00",
    "user": 2,
    "content_type": 13,
    "object_id": "10",
    "object_repr": "Burger 2 lớp bò, phô-mai",
    "action_flag": 2,
    "change_message": "[{\"changed\": {\"fields\": [\"Flash sale start\", \"Flash sale end\"]}}]"
  }
},
{
  "model": "admin.logentry",
  "pk": 65,
  "fields": {
    "action_time": "2025-04-19T20:48:32.589+07:00",
    "user": 2,
    "content_type": 13,
    "object_id": "10",
    "object_repr": "Burger 2 lớp bò, phô-mai",
    "action_flag": 2,
    "change_message": "[{\"changed\": {\"fields\": [\"Flash sale end\"]}}]"
  }
},
{
  "model": "admin.logentry",
  "pk": 66,
  "fields": {
    "action_time": "2025-04-19T20:48:50.677+07:00",
    "user": 2,
    "content_type": 13,
    "object_id": "29",
    "object_repr": "Milk",
    "action_flag": 2,
    "change_message": "[{\"changed\": {\"fields\": [\"Flash sale price\", \"Flash sale start\", \"Flash sale end\"]}}]"
  }
},
{
  "model": "admin.logentry",
  "pk": 67,
  "fields": {
    "action_time": "2025-04-19T20:51:54.662+07:00",
    "user": 2,
    "content_type": 19,
    "object_id": "9",
    "object_repr": "LuongNghia",
    "action_flag": 2,
    "change_message": "[{\"changed\": {\"fields\": [\"Email address\"]}}]"
  }
},
{
  "model": "admin.logentry",
  "pk": 68,
  "fields": {
    "action_time": "2025-05-19T19:19:06.079+07:00",
    "user": 2,
    "content_type": 13,
    "object_id": "32",
    "object_repr": "Sprite Lateee",
    "action_flag": 3,
    "change_message": ""
  }
},
{
  "model": "auth.permission",
  "pk": 1,
  "fields": {
    "name": "Can add log entry",
    "content_type": 1,
    "codename": "add_logentry"
  }
},
{
  "model": "auth.permission",
  "pk": 2,
  "fields": {
    "name": "Can change log entry",
    "content_type": 1,
    "codename": "change_logentry"
  }
},
{
  "model": "auth.permission",
  "pk": 3,
  "fields": {
    "name": "Can delete log entry",
    "content_type": 1,
    "codename": "delete_logentry"
  }
},
{
  "model": "auth.permission",
  "pk": 4,
  "fields": {
    "name": "Can view log entry",
    "content_type": 1,
    "codename": "view_logentry"
  }
},
{
  "model": "auth.permission",
  "pk": 5,
  "fields": {
    "name": "Can add permission",
    "content_type": 2,
    "codename": "add_permission"
  }
},
{
  "model": "auth.permission",
  "pk": 6,
  "fields": {
    "name": "Can change permission",
    "content_type": 2,
    "codename": "change_permission"
  }
},
{
  "model": "auth.permission",
  "pk": 7,
  "fields": {
    "name": "Can delete permission",
    "content_type": 2,
    "codename": "delete_permission"
  }
},
{
  "model": "auth.permission",
  "pk": 8,
  "fields": {
    "name": "Can view permission",
    "content_type": 2,
    "codename": "view_permission"
  }
},
{
  "model": "auth.permission",
  "pk": 9,
  "fields": {
    "name": "Can add group",
    "content_type": 3,
    "codename": "add_group"
  }
},
{
  "model": "auth.permission",
  "pk": 10,
  "fields": {
    "name": "Can change group",
    "content_type": 3,
    "codename": "change_group"
  }
},
{
  "model": "auth.permission",
  "pk": 11,
  "fields": {
    "name": "Can delete group",
    "content_type": 3,
    "codename": "delete_group"
  }
},
{
  "model": "auth.permission",
  "pk": 12,
  "fields": {
    "name": "Can view group",
    "content_type": 3,
    "codename": "view_group"
  }
},
{
  "model": "auth.permission",
  "pk": 13,
  "fields": {
    "name": "Can add content type",
    "content_type": 4,
    "codename": "add_contenttype"
  }
},
{
  "model": "auth.permission",
  "pk": 14,
  "fields": {
    "name": "Can change content type",
    "content_type": 4,
    "codename": "change_contenttype"
  }
},
{
  "model": "auth.permission",
  "pk": 15,
  "fields": {
    "name": "Can delete content type",
    "content_type": 4,
    "codename": "delete_contenttype"
  }
},
{
  "model": "auth.permission",
  "pk": 16,
  "fields": {
    "name": "Can view content type",
    "content_type": 4,
    "codename": "view_contenttype"
  }
},
{
  "model": "auth.permission",
  "pk": 17,
  "fields": {
    "name": "Can add session",
    "content_type": 5,
    "codename": "add_session"
  }
},
{
  "model": "auth.permission",
  "pk": 18,
  "fields": {
    "name": "Can change session",
    "content_type": 5,
    "codename": "change_session"
  }
},
{
  "model": "auth.permission",
  "pk": 19,
  "fields": {
    "name": "Can delete session",
    "content_type": 5,
    "codename": "delete_session"
  }
},
{
  "model": "auth.permission",
  "pk": 20,
  "fields": {
    "name": "Can view session",
    "content_type": 5,
    "codename": "view_session"
  }
},
{
  "model": "auth.permission",
  "pk": 21,
  "fields": {
    "name": "Can add blacklisted token",
    "content_type": 6,
    "codename": "add_blacklistedtoken"
  }
},
{
  "model": "auth.permission",
  "pk": 22,
  "fields": {
    "name": "Can change blacklisted token",
    "content_type": 6,
    "codename": "change_blacklistedtoken"
  }
},
{
  "model": "auth.permission",
  "pk": 23,
  "fields": {
    "name": "Can delete blacklisted token",
    "content_type": 6,
    "codename": "delete_blacklistedtoken"
  }
},
{
  "model": "auth.permission",
  "pk": 24,
  "fields": {
    "name": "Can view blacklisted token",
    "content_type": 6,
    "codename": "view_blacklistedtoken"
  }
},
{
  "model": "auth.permission",
  "pk": 25,
  "fields": {
    "name": "Can add outstanding token",
    "content_type": 7,
    "codename": "add_outstandingtoken"
  }
},
{
  "model": "auth.permission",
  "pk": 26,
  "fields": {
    "name": "Can change outstanding token",
    "content_type": 7,
    "codename": "change_outstandingtoken"
  }
},
{
  "model": "auth.permission",
  "pk": 27,
  "fields": {
    "name": "Can delete outstanding token",
    "content_type": 7,
    "codename": "delete_outstandingtoken"
  }
},
{
  "model": "auth.permission",
  "pk": 28,
  "fields": {
    "name": "Can view outstanding token",
    "content_type": 7,
    "codename": "view_outstandingtoken"
  }
},
{
  "model": "auth.permission",
  "pk": 29,
  "fields": {
    "name": "Can add Giỏ Hàng",
    "content_type": 8,
    "codename": "add_cart"
  }
},
{
  "model": "auth.permission",
  "pk": 30,
  "fields": {
    "name": "Can change Giỏ Hàng",
    "content_type": 8,
    "codename": "change_cart"
  }
},
{
  "model": "auth.permission",
  "pk": 31,
  "fields": {
    "name": "Can delete Giỏ Hàng",
    "content_type": 8,
    "codename": "delete_cart"
  }
},
{
  "model": "auth.permission",
  "pk": 32,
  "fields": {
    "name": "Can view Giỏ Hàng",
    "content_type": 8,
    "codename": "view_cart"
  }
},
{
  "model": "auth.permission",
  "pk": 33,
  "fields": {
    "name": "Can add Sản Phẩm Trong Giỏ Hàng",
    "content_type": 9,
    "codename": "add_cartitem"
  }
},
{
  "model": "auth.permission",
  "pk": 34,
  "fields": {
    "name": "Can change Sản Phẩm Trong Giỏ Hàng",
    "content_type": 9,
    "codename": "change_cartitem"
  }
},
{
  "model": "auth.permission",
  "pk": 35,
  "fields": {
    "name": "Can delete Sản Phẩm Trong Giỏ Hàng",
    "content_type": 9,
    "codename": "delete_cartitem"
  }
},
{
  "model": "auth.permission",
  "pk": 36,
  "fields": {
    "name": "Can view Sản Phẩm Trong Giỏ Hàng",
    "content_type": 9,
    "codename": "view_cartitem"
  }
},
{
  "model": "auth.permission",
  "pk": 37,
  "fields": {
    "name": "Can add Liên Hệ",
    "content_type": 10,
    "codename": "add_contact"
  }
},
{
  "model": "auth.permission",
  "pk": 38,
  "fields": {
    "name": "Can change Liên Hệ",
    "content_type": 10,
    "codename": "change_contact"
  }
},
{
  "model": "auth.permission",
  "pk": 39,
  "fields": {
    "name": "Can delete Liên Hệ",
    "content_type": 10,
    "codename": "delete_contact"
  }
},
{
  "model": "auth.permission",
  "pk": 40,
  "fields": {
    "name": "Can view Liên Hệ",
    "content_type": 10,
    "codename": "view_contact"
  }
},
{
  "model": "auth.permission",
  "pk": 41,
  "fields": {
    "name": "Can add Bài Viết",
    "content_type": 11,
    "codename": "add_blog"
  }
},
{
  "model": "auth.permission",
  "pk": 42,
  "fields": {
    "name": "Can change Bài Viết",
    "content_type": 11,
    "codename": "change_blog"
  }
},
{
  "model": "auth.permission",
  "pk": 43,
  "fields": {
    "name": "Can delete Bài Viết",
    "content_type": 11,
    "codename": "delete_blog"
  }
},
{
  "model": "auth.permission",
  "pk": 44,
  "fields": {
    "name": "Can view Bài Viết",
    "content_type": 11,
    "codename": "view_blog"
  }
},
{
  "model": "auth.permission",
  "pk": 45,
  "fields": {
    "name": "Can add category",
    "content_type": 12,
    "codename": "add_category"
  }
},
{
  "model": "auth.permission",
  "pk": 46,
  "fields": {
    "name": "Can change category",
    "content_type": 12,
    "codename": "change_category"
  }
},
{
  "model": "auth.permission",
  "pk": 47,
  "fields": {
    "name": "Can delete category",
    "content_type": 12,
    "codename": "delete_category"
  }
},
{
  "model": "auth.permission",
  "pk": 48,
  "fields": {
    "name": "Can view category",
    "content_type": 12,
    "codename": "view_category"
  }
},
{
  "model": "auth.permission",
  "pk": 49,
  "fields": {
    "name": "Can add product",
    "content_type": 13,
    "codename": "add_product"
  }
},
{
  "model": "auth.permission",
  "pk": 50,
  "fields": {
    "name": "Can change product",
    "content_type": 13,
    "codename": "change_product"
  }
},
{
  "model": "auth.permission",
  "pk": 51,
  "fields": {
    "name": "Can delete product",
    "content_type": 13,
    "codename": "delete_product"
  }
},
{
  "model": "auth.permission",
  "pk": 52,
  "fields": {
    "name": "Can view product",
    "content_type": 13,
    "codename": "view_product"
  }
},
{
  "model": "auth.permission",
  "pk": 53,
  "fields": {
    "name": "Can add product image",
    "content_type": 14,
    "codename": "add_productimage"
  }
},
{
  "model": "auth.permission",
  "pk": 54,
  "fields": {
    "name": "Can change product image",
    "content_type": 14,
    "codename": "change_productimage"
  }
},
{
  "model": "auth.permission",
  "pk": 55,
  "fields": {
    "name": "Can delete product image",
    "content_type": 14,
    "codename": "delete_productimage"
  }
},
{
  "model": "auth.permission",
  "pk": 56,
  "fields": {
    "name": "Can view product image",
    "content_type": 14,
    "codename": "view_productimage"
  }
},
{
  "model": "auth.permission",
  "pk": 57,
  "fields": {
    "name": "Can add Đơn Hàng",
    "content_type": 15,
    "codename": "add_order"
  }
},
{
  "model": "auth.permission",
  "pk": 58,
  "fields": {
    "name": "Can change Đơn Hàng",
    "content_type": 15,
    "codename": "change_order"
  }
},
{
  "model": "auth.permission",
  "pk": 59,
  "fields": {
    "name": "Can delete Đơn Hàng",
    "content_type": 15,
    "codename": "delete_order"
  }
},
{
  "model": "auth.permission",
  "pk": 60,
  "fields": {
    "name": "Can view Đơn Hàng",
    "content_type": 15,
    "codename": "view_order"
  }
},
{
  "model": "auth.permission",
  "pk": 61,
  "fields": {
    "name": "Can add Chi Tiết Đơn Hàng",
    "content_type": 16,
    "codename": "add_orderdetail"
  }
},
{
  "model": "auth.permission",
  "pk": 62,
  "fields": {
    "name": "Can change Chi Tiết Đơn Hàng",
    "content_type": 16,
    "codename": "change_orderdetail"
  }
},
{
  "model": "auth.permission",
  "pk": 63,
  "fields": {
    "name": "Can delete Chi Tiết Đơn Hàng",
    "content_type": 16,
    "codename": "delete_orderdetail"
  }
},
{
  "model": "auth.permission",
  "pk": 64,
  "fields": {
    "name": "Can view Chi Tiết Đơn Hàng",
    "content_type": 16,
    "codename": "view_orderdetail"
  }
},
{
  "model": "auth.permission",
  "pk": 65,
  "fields": {
    "name": "Can add restaurant",
    "content_type": 17,
    "codename": "add_restaurant"
  }
},
{
  "model": "auth.permission",
  "pk": 66,
  "fields": {
    "name": "Can change restaurant",
    "content_type": 17,
    "codename": "change_restaurant"
  }
},
{
  "model": "auth.permission",
  "pk": 67,
  "fields": {
    "name": "Can delete restaurant",
    "content_type": 17,
    "codename": "delete_restaurant"
  }
},
{
  "model": "auth.permission",
  "pk": 68,
  "fields": {
    "name": "Can view restaurant",
    "content_type": 17,
    "codename": "view_restaurant"
  }
},
{
  "model": "auth.permission",
  "pk": 69,
  "fields": {
    "name": "Can add review",
    "content_type": 18,
    "codename": "add_review"
  }
},
{
  "model": "auth.permission",
  "pk": 70,
  "fields": {
    "name": "Can change review",
    "content_type": 18,
    "codename": "change_review"
  }
},
{
  "model": "auth.permission",
  "pk": 71,
  "fields": {
    "name": "Can delete review",
    "content_type": 18,
    "codename": "delete_review"
  }
},
{
  "model": "auth.permission",
  "pk": 72,
  "fields": {
    "name": "Can view review",
    "content_type": 18,
    "codename": "view_review"
  }
},
{
  "model": "auth.permission",
  "pk": 73,
  "fields": {
    "name": "Can add user",
    "content_type": 19,
    "codename": "add_user"
  }
},
{
  "model": "auth.permission",
  "pk": 74,
  "fields": {
    "name": "Can change user",
    "content_type": 19,
    "codename": "change_user"
  }
},
{
  "model": "auth.permission",
  "pk": 75,
  "fields": {
    "name": "Can delete user",
    "content_type": 19,
    "codename": "delete_user"
  }
},
{
  "model": "auth.permission",
  "pk": 76,
  "fields": {
    "name": "Can view user",
    "content_type": 19,
    "codename": "view_user"
  }
},
{
  "model": "contenttypes.contenttype",
  "pk": 1,
  "fields": {
    "app_label": "admin",
    "model": "logentry"
  }
},
{
  "model": "contenttypes.contenttype",
  "pk": 2,
  "fields": {
    "app_label": "auth",
    "model": "permission"
  }
},
{
  "model": "contenttypes.contenttype",
  "pk": 3,
  "fields": {
    "app_label": "auth",
    "model": "group"
  }
},
{
  "model": "contenttypes.contenttype",
  "pk": 4,
  "fields": {
    "app_label": "contenttypes",
    "model": "contenttype"
  }
},
{
  "model": "contenttypes.contenttype",
  "pk": 5,
  "fields": {
    "app_label": "sessions",
    "model": "session"
  }
},
{
  "model": "contenttypes.contenttype",
  "pk": 6,
  "fields": {
    "app_label": "token_blacklist",
    "model": "blacklistedtoken"
  }
},
{
  "model": "contenttypes.contenttype",
  "pk": 7,
  "fields": {
    "app_label": "token_blacklist",
    "model": "outstandingtoken"
  }
},
{
  "model": "contenttypes.contenttype",
  "pk": 8,
  "fields": {
    "app_label": "cart",
    "model": "cart"
  }
},
{
  "model": "contenttypes.contenttype",
  "pk": 9,
  "fields": {
    "app_label": "cart",
    "model": "cartitem"
  }
},
{
  "model": "contenttypes.contenttype",
  "pk": 10,
  "fields": {
    "app_label": "contact",
    "model": "contact"
  }
},
{
  "model": "contenttypes.contenttype",
  "pk": 11,
  "fields": {
    "app_label": "content",
    "model": "blog"
  }
},
{
  "model": "contenttypes.contenttype",
  "pk": 12,
  "fields": {
    "app_label": "catalogue",
    "model": "category"
  }
},
{
  "model": "contenttypes.contenttype",
  "pk": 13,
  "fields": {
    "app_label": "catalogue",
    "model": "product"
  }
},
{
  "model": "contenttypes.contenttype",
  "pk": 14,
  "fields": {
    "app_label": "catalogue",
    "model": "productimage"
  }
},
{
  "model": "contenttypes.contenttype",
  "pk": 15,
  "fields": {
    "app_label": "order",
    "model": "order"
  }
},
{
  "model": "contenttypes.contenttype",
  "pk": 16,
  "fields": {
    "app_label": "order",
    "model": "orderdetail"
  }
},
{
  "model": "contenttypes.contenttype",
  "pk": 17,
  "fields": {
    "app_label": "restaurants",
    "model": "restaurant"
  }
},
{
  "model": "contenttypes.contenttype",
  "pk": 18,
  "fields": {
    "app_label": "reviews",
    "model": "review"
  }
},
{
  "model": "contenttypes.contenttype",
  "pk": 19,
  "fields": {
    "app_label": "users",
    "model": "user"
  }
},
{
  "model": "sessions.session",
  "pk": "adkqo5ul69i9zjzdwfaem7qm8b11rh4z",
  "fields": {
    "session_data": ".eJxVjMEOwiAQRP-FsyFtYYH16L3fQBZYpGpoUtqT8d9tkx40c5v3Zt7C07YWvzVe_JTEVQzi8tsFik-uB0gPqvdZxrmuyxTkociTNjnOiV-30_07KNTKvgbErKyKFi0o0ns6dAzcM-WYgIFsyDBkbbTpXUiojdPIyrLhDsCIzxffJzef:1tw8Yi:T1BpqVqOsaVZEZ8xbjijd-BNv28YzV5L2ncdcS9bT3g",
    "expire_date": "2025-04-06T06:47:20.490+07:00"
  }
},
{
  "model": "sessions.session",
  "pk": "jip8srmjm01jzms06yx5xxs2wwoka4it",
  "fields": {
    "session_data": ".eJxVjDkOwjAUBe_iGllecBIo6TlD9FccQLYUJxXi7hApBbRvZt7LjLAueVybzOPE5myCOfxuCPSQsgG-Q7lVS7Us84R2U-xOm71Wludld_8OMrT8rb2EAN6jj8hpOAoOmkjkRH3QhElVHJKHGBiiU3adV-0DAZFgRwrm_QEMoTnC:1u68XN:SjbcXve9tgFPblDOhAhcow6wujDsIpq9cHP7IC9QwoE",
    "expire_date": "2025-05-03T20:47:17.643+07:00"
  }
},
{
  "model": "sessions.session",
  "pk": "lpqtq5d5epwkjlmd1q2rvxyw5ivybbs2",
  "fields": {
    "session_data": ".eJxVjDkOwjAUBe_iGllecBIo6TlD9FccQLYUJxXi7hApBbRvZt7LjLAueVybzOPE5myCOfxuCPSQsgG-Q7lVS7Us84R2U-xOm71Wludld_8OMrT8rb2EAN6jj8hpOAoOmkjkRH3QhElVHJKHGBiiU3adV-0DAZFgRwrm_QEMoTnC:1uGzM5:TSHfHz5VC42--LkQbmvskMRK_kkTAlFPkyXiNsZirwc",
    "expire_date": "2025-06-02T19:12:29.914+07:00"
  }
},
{
  "model": "sessions.session",
  "pk": "t3a061c4xprqcuawwynh9jndboi9jra0",
  "fields": {
    "session_data": ".eJxVjDkOwjAUBe_iGllecBIo6TlD9FccQLYUJxXi7hApBbRvZt7LjLAueVybzOPE5myCOfxuCPSQsgG-Q7lVS7Us84R2U-xOm71Wludld_8OMrT8rb2EAN6jj8hpOAoOmkjkRH3QhElVHJKHGBiiU3adV-0DAZFgRwrm_QEMoTnC:1u5fZj:4OZIQy5nVXGsB2Dh9DfZG1lkc7GKVAUcbVC0kTqS8ic",
    "expire_date": "2025-05-02T13:51:47.710+07:00"
  }
},
{
  "model": "sessions.session",
  "pk": "v5vuukg044ky573m3eguozctezpc0jmg",
  "fields": {
    "session_data": ".eJxVjDkOwjAUBe_iGllecBIo6TlD9FccQLYUJxXi7hApBbRvZt7LjLAueVybzOPE5myCOfxuCPSQsgG-Q7lVS7Us84R2U-xOm71Wludld_8OMrT8rb2EAN6jj8hpOAoOmkjkRH3QhElVHJKHGBiiU3adV-0DAZFgRwrm_QEMoTnC:1tzEy4:2mzgOI7h5d1tRubyjNswjvh2DLEk8EUZXYsvZ9iHrps",
    "expire_date": "2025-04-14T20:14:20.003+07:00"
  }
},
{
  "model": "sessions.session",
  "pk": "zakco6zeo8lj8tugkkfco4h9rl36vgwk",
  "fields": {
    "session_data": ".eJxVjMEOwiAQRP-FsyFtYYH16L3fQBZYpGpoUtqT8d9tkx40c5v3Zt7C07YWvzVe_JTEVQzi8tsFik-uB0gPqvdZxrmuyxTkociTNjnOiV-30_07KNTKvgbErKyKFi0o0ns6dAzcM-WYgIFsyDBkbbTpXUiojdPIyrLhDsCIzxffJzef:1trLXZ:bZuMpGLQoRQrO91Cb9B7l_C2b18dntzKBiphJ7lWmlk",
    "expire_date": "2025-03-24T01:38:21.887+07:00"
  }
},
{
  "model": "token_blacklist.outstandingtoken",
  "pk": 1,
  "fields": {
    "user": 2,
    "jti": "2d6e194345a8402cb1affbe38691cafa",
    "token": "eyJhbGciOiJIUzI1NiIsInR5cCI6IkpXVCJ9.eyJ0b2tlbl90eXBlIjoicmVmcmVzaCIsImV4cCI6MTc0MTQ0NzAyMiwiaWF0IjoxNzQxMzYwNjIyLCJqdGkiOiIyZDZlMTk0MzQ1YTg0MDJjYjFhZmZiZTM4NjkxY2FmYSIsInVzZXJfaWQiOjJ9.SuTA7RYrD9ZFO3_V47k_Rg9QwfPjU41zIvx0bto84L8",
    "created_at": "2025-03-07T22:17:02.070+07:00",
    "expires_at": "2025-03-08T22:17:02+07:00"
  }
},
{
  "model": "token_blacklist.outstandingtoken",
  "pk": 2,
  "fields": {
    "user": null,
    "jti": "0326274b6fc8478aaaebd7c82f88f643",
    "token": "eyJhbGciOiJIUzI1NiIsInR5cCI6IkpXVCJ9.eyJ0b2tlbl90eXBlIjoicmVmcmVzaCIsImV4cCI6MTc0MTQ0ODIxOSwiaWF0IjoxNzQxMzYxODE5LCJqdGkiOiIwMzI2Mjc0YjZmYzg0NzhhYWFlYmQ3YzgyZjg4ZjY0MyIsInVzZXJfaWQiOjN9.RentmxpaHxFoUlIkgZ4UMF0kdBRM7P_Hnfg0q9VrS98",
    "created_at": "2025-03-07T22:36:59.957+07:00",
    "expires_at": "2025-03-08T22:36:59+07:00"
  }
},
{
  "model": "token_blacklist.outstandingtoken",
  "pk": 3,
  "fields": {
    "user": null,
    "jti": "a08331da31414efa92e58ad71b38d9c7",
    "token": "eyJhbGciOiJIUzI1NiIsInR5cCI6IkpXVCJ9.eyJ0b2tlbl90eXBlIjoicmVmcmVzaCIsImV4cCI6MTc0MTQ0ODgxOCwiaWF0IjoxNzQxMzYyNDE4LCJqdGkiOiJhMDgzMzFkYTMxNDE0ZWZhOTJlNThhZDcxYjM4ZDljNyIsInVzZXJfaWQiOjN9.uONrb6IRBbkGyK-GUj1OuEJVoQoc8Pjavxz77Scm4BE",
    "created_at": "2025-03-07T22:46:58.915+07:00",
    "expires_at": "2025-03-08T22:46:58+07:00"
  }
},
{
  "model": "token_blacklist.outstandingtoken",
  "pk": 4,
  "fields": {
    "user": null,
    "jti": "13c762f05b664639941b328dde2935fc",
    "token": "eyJhbGciOiJIUzI1NiIsInR5cCI6IkpXVCJ9.eyJ0b2tlbl90eXBlIjoicmVmcmVzaCIsImV4cCI6MTc0MTk2OTM3NCwiaWF0IjoxNzQxMzY0NTc0LCJqdGkiOiIxM2M3NjJmMDViNjY0NjM5OTQxYjMyOGRkZTI5MzVmYyIsInVzZXJfaWQiOjR9.6YIrUCcno5LeKdy2Umwj-VAftTe_Wpjk7Wi2D8OkOZA",
    "created_at": "2025-03-07T23:22:54.879+07:00",
    "expires_at": "2025-03-14T23:22:54+07:00"
  }
},
{
  "model": "token_blacklist.outstandingtoken",
  "pk": 5,
  "fields": {
    "user": 2,
    "jti": "50ef96a29d8f4a95a94b882a97e9dd38",
    "token": "eyJhbGciOiJIUzI1NiIsInR5cCI6IkpXVCJ9.eyJ0b2tlbl90eXBlIjoicmVmcmVzaCIsImV4cCI6MTc0MTk2OTQ2MSwiaWF0IjoxNzQxMzY0NjYxLCJqdGkiOiI1MGVmOTZhMjlkOGY0YTk1YTk0Yjg4MmE5N2U5ZGQzOCIsInVzZXJfaWQiOjJ9.54dho6BsVr-J-X6fb-OqkOUD_J_8uXaKe0m1BmFGCic",
    "created_at": "2025-03-07T23:24:21.990+07:00",
    "expires_at": "2025-03-14T23:24:21+07:00"
  }
},
{
  "model": "token_blacklist.outstandingtoken",
  "pk": 6,
  "fields": {
    "user": 2,
    "jti": "7bf1c71fc1284b6b9a123c73361a8448",
    "token": "eyJhbGciOiJIUzI1NiIsInR5cCI6IkpXVCJ9.eyJ0b2tlbl90eXBlIjoicmVmcmVzaCIsImV4cCI6MTc0MTk3MDc0MCwiaWF0IjoxNzQxMzY1OTQwLCJqdGkiOiI3YmYxYzcxZmMxMjg0YjZiOWExMjNjNzMzNjFhODQ0OCIsInVzZXJfaWQiOjJ9.jnrclj-rREPGjWYkrRmx_05FcG915bo6_vsrjBeeReA",
    "created_at": "2025-03-07T23:45:40.978+07:00",
    "expires_at": "2025-03-14T23:45:40+07:00"
  }
},
{
  "model": "token_blacklist.outstandingtoken",
  "pk": 7,
  "fields": {
    "user": null,
    "jti": "3dbf634803674b079da0d3de96c5b107",
    "token": "eyJhbGciOiJIUzI1NiIsInR5cCI6IkpXVCJ9.eyJ0b2tlbl90eXBlIjoicmVmcmVzaCIsImV4cCI6MTc0MTk3MTUyOSwiaWF0IjoxNzQxMzY2NzI5LCJqdGkiOiIzZGJmNjM0ODAzNjc0YjA3OWRhMGQzZGU5NmM1YjEwNyIsInVzZXJfaWQiOjV9.QxrgexFW2mbMlv0MDna8FrM6BD8BIFtDJMKCDaIsZgw",
    "created_at": "2025-03-07T23:58:49.347+07:00",
    "expires_at": "2025-03-14T23:58:49+07:00"
  }
},
{
  "model": "token_blacklist.outstandingtoken",
  "pk": 8,
  "fields": {
    "user": 2,
    "jti": "8ad9cc87174944f281c406fceb373506",
    "token": "eyJhbGciOiJIUzI1NiIsInR5cCI6IkpXVCJ9.eyJ0b2tlbl90eXBlIjoicmVmcmVzaCIsImV4cCI6MTc0MTk4NTk1NCwiaWF0IjoxNzQxMzgxMTU0LCJqdGkiOiI4YWQ5Y2M4NzE3NDk0NGYyODFjNDA2ZmNlYjM3MzUwNiIsInVzZXJfaWQiOjJ9.5c_hJ3-Q0-2wnpoPbZ8Arfb5L9Vh5pbWuh64pzchKCE",
    "created_at": "2025-03-08T03:59:14.810+07:00",
    "expires_at": "2025-03-15T03:59:14+07:00"
  }
},
{
  "model": "token_blacklist.outstandingtoken",
  "pk": 9,
  "fields": {
    "user": 2,
    "jti": "b9a110fe0bd64f4581325a66502c8d85",
    "token": "eyJhbGciOiJIUzI1NiIsInR5cCI6IkpXVCJ9.eyJ0b2tlbl90eXBlIjoicmVmcmVzaCIsImV4cCI6MTc0MTk4NjA2MywiaWF0IjoxNzQxMzgxMjYzLCJqdGkiOiJiOWExMTBmZTBiZDY0ZjQ1ODEzMjVhNjY1MDJjOGQ4NSIsInVzZXJfaWQiOjJ9.itYPIonomQO3PxJUTQifBgkaVjmyG1KTYw0zJCrMDQM",
    "created_at": "2025-03-08T04:01:03.924+07:00",
    "expires_at": "2025-03-15T04:01:03+07:00"
  }
},
{
  "model": "token_blacklist.outstandingtoken",
  "pk": 10,
  "fields": {
    "user": 2,
    "jti": "3070e7ac46394991a80e3357b720916a",
    "token": "eyJhbGciOiJIUzI1NiIsInR5cCI6IkpXVCJ9.eyJ0b2tlbl90eXBlIjoicmVmcmVzaCIsImV4cCI6MTc0MTk4OTgxNiwiaWF0IjoxNzQxMzg1MDE2LCJqdGkiOiIzMDcwZTdhYzQ2Mzk0OTkxYTgwZTMzNTdiNzIwOTE2YSIsInVzZXJfaWQiOjJ9.ayS3qdTey7MMY6J4Yp-Sn32XC48GxjUtn8bGUf2ELDE",
    "created_at": "2025-03-08T05:03:36.098+07:00",
    "expires_at": "2025-03-15T05:03:36+07:00"
  }
},
{
  "model": "token_blacklist.outstandingtoken",
  "pk": 11,
  "fields": {
    "user": 2,
    "jti": "cf5f8b5544854b38873d6194496fc455",
    "token": "eyJhbGciOiJIUzI1NiIsInR5cCI6IkpXVCJ9.eyJ0b2tlbl90eXBlIjoicmVmcmVzaCIsImV4cCI6MTc0MjAyMjc5OSwiaWF0IjoxNzQxNDE3OTk5LCJqdGkiOiJjZjVmOGI1NTQ0ODU0YjM4ODczZDYxOTQ0OTZmYzQ1NSIsInVzZXJfaWQiOjJ9.tuFA38yNnnm184_3zeIJhm-QcMCpBBLZ2mAsDtKroJg",
    "created_at": "2025-03-08T14:13:19.620+07:00",
    "expires_at": "2025-03-15T14:13:19+07:00"
  }
},
{
  "model": "token_blacklist.outstandingtoken",
  "pk": 12,
  "fields": {
    "user": null,
    "jti": "6de04c8184894efd9a09f5bcc6b86e6f",
    "token": "eyJhbGciOiJIUzI1NiIsInR5cCI6IkpXVCJ9.eyJ0b2tlbl90eXBlIjoicmVmcmVzaCIsImV4cCI6MTc0MjE0MDkyMywiaWF0IjoxNzQxNTM2MTIzLCJqdGkiOiI2ZGUwNGM4MTg0ODk0ZWZkOWEwOWY1YmNjNmI4NmU2ZiIsInVzZXJfaWQiOjh9.3t1wfV1shV-bjxLkKZFHH8yNgexQ5TC1ZyL3Kv-P0_8",
    "created_at": "2025-03-09T23:02:03.757+07:00",
    "expires_at": "2025-03-16T23:02:03+07:00"
  }
},
{
  "model": "token_blacklist.outstandingtoken",
  "pk": 13,
  "fields": {
    "user": null,
    "jti": "fafb098f553842f79fa79085e2371a4f",
    "token": "eyJhbGciOiJIUzI1NiIsInR5cCI6IkpXVCJ9.eyJ0b2tlbl90eXBlIjoicmVmcmVzaCIsImV4cCI6MTc0MjE0MTI3NCwiaWF0IjoxNzQxNTM2NDc0LCJqdGkiOiJmYWZiMDk4ZjU1Mzg0MmY3OWZhNzkwODVlMjM3MWE0ZiIsInVzZXJfaWQiOjh9.1saRBLz1j5kW2S8iTPhezpuvz4XX0VuYM5Cyel6ItbY",
    "created_at": "2025-03-09T23:07:54.077+07:00",
    "expires_at": "2025-03-16T23:07:54+07:00"
  }
},
{
  "model": "token_blacklist.outstandingtoken",
  "pk": 14,
  "fields": {
    "user": null,
    "jti": "b22a2eba9d5e4b0bbf2e5a8a03aa3a15",
    "token": "eyJhbGciOiJIUzI1NiIsInR5cCI6IkpXVCJ9.eyJ0b2tlbl90eXBlIjoicmVmcmVzaCIsImV4cCI6MTc0MjE0NzM0MCwiaWF0IjoxNzQxNTQyNTQwLCJqdGkiOiJiMjJhMmViYTlkNWU0YjBiYmYyZTVhOGEwM2FhM2ExNSIsInVzZXJfaWQiOjh9.-XMYGQJZLXVodnvCKjhtgo6Z2CAceSEjqo-V4oBb1h8",
    "created_at": "2025-03-10T00:49:00.655+07:00",
    "expires_at": "2025-03-17T00:49:00+07:00"
  }
},
{
  "model": "token_blacklist.outstandingtoken",
  "pk": 15,
  "fields": {
    "user": null,
    "jti": "a8d9eb9deca349dbb2d603cdf89f78af",
    "token": "eyJhbGciOiJIUzI1NiIsInR5cCI6IkpXVCJ9.eyJ0b2tlbl90eXBlIjoicmVmcmVzaCIsImV4cCI6MTc0MjE0NzQxMSwiaWF0IjoxNzQxNTQyNjExLCJqdGkiOiJhOGQ5ZWI5ZGVjYTM0OWRiYjJkNjAzY2RmODlmNzhhZiIsInVzZXJfaWQiOjh9.rS_Uti8yDSpE3v2AQuDvitCnJf8_rNpwBr6pmHGsZao",
    "created_at": "2025-03-10T00:50:11.923+07:00",
    "expires_at": "2025-03-17T00:50:11+07:00"
  }
},
{
  "model": "token_blacklist.outstandingtoken",
  "pk": 16,
  "fields": {
    "user": null,
    "jti": "7f97a343120f44b3a698d4089d85707d",
    "token": "eyJhbGciOiJIUzI1NiIsInR5cCI6IkpXVCJ9.eyJ0b2tlbl90eXBlIjoicmVmcmVzaCIsImV4cCI6MTc0MjE0Nzc5OCwiaWF0IjoxNzQxNTQyOTk4LCJqdGkiOiI3Zjk3YTM0MzEyMGY0NGIzYTY5OGQ0MDg5ZDg1NzA3ZCIsInVzZXJfaWQiOjh9.9iZzPZ2gwbETIrsXfnDqSeqwzOEMG5qhQqfMSwGODwc",
    "created_at": "2025-03-10T00:56:38.129+07:00",
    "expires_at": "2025-03-17T00:56:38+07:00"
  }
},
{
  "model": "token_blacklist.outstandingtoken",
  "pk": 17,
  "fields": {
    "user": null,
    "jti": "96402a88820a4cc8a8a15d72a5b30dc2",
    "token": "eyJhbGciOiJIUzI1NiIsInR5cCI6IkpXVCJ9.eyJ0b2tlbl90eXBlIjoicmVmcmVzaCIsImV4cCI6MTc0MjE0ODMxOCwiaWF0IjoxNzQxNTQzNTE4LCJqdGkiOiI5NjQwMmE4ODgyMGE0Y2M4YThhMTVkNzJhNWIzMGRjMiIsInVzZXJfaWQiOjh9.9-LWeNHq69H0qcvpxy3xOiL0bHYJG1f0K-cbCWM0MUg",
    "created_at": "2025-03-10T01:05:18.392+07:00",
    "expires_at": "2025-03-17T01:05:18+07:00"
  }
},
{
  "model": "token_blacklist.outstandingtoken",
  "pk": 18,
  "fields": {
    "user": null,
    "jti": "12733b9a106f49a29950a43cd62644bc",
    "token": "eyJhbGciOiJIUzI1NiIsInR5cCI6IkpXVCJ9.eyJ0b2tlbl90eXBlIjoicmVmcmVzaCIsImV4cCI6MTc0MjE0OTAzMywiaWF0IjoxNzQxNTQ0MjMzLCJqdGkiOiIxMjczM2I5YTEwNmY0OWEyOTk1MGE0M2NkNjI2NDRiYyIsInVzZXJfaWQiOjh9.io9Sx28Eam7IpN6CdIpbYQZoMOY9aTFWgMd0HFZX0nI",
    "created_at": "2025-03-10T01:17:13.867+07:00",
    "expires_at": "2025-03-17T01:17:13+07:00"
  }
},
{
  "model": "token_blacklist.outstandingtoken",
  "pk": 19,
  "fields": {
    "user": 9,
    "jti": "a6d6bf818046463198d54292cf1f2e7d",
    "token": "eyJhbGciOiJIUzI1NiIsInR5cCI6IkpXVCJ9.eyJ0b2tlbl90eXBlIjoicmVmcmVzaCIsImV4cCI6MTc0MjE1MjA2NiwiaWF0IjoxNzQxNTQ3MjY2LCJqdGkiOiJhNmQ2YmY4MTgwNDY0NjMxOThkNTQyOTJjZjFmMmU3ZCIsInVzZXJfaWQiOjl9.AAx1k8xd2UoAvKKAkOTtQSvH9y9Uzh4YSCYxVgwIq7E",
    "created_at": "2025-03-10T02:07:46.773+07:00",
    "expires_at": "2025-03-17T02:07:46+07:00"
  }
},
{
  "model": "token_blacklist.outstandingtoken",
  "pk": 20,
  "fields": {
    "user": 9,
    "jti": "d45122b1cd6e43e985dd067e739e961f",
    "token": "eyJhbGciOiJIUzI1NiIsInR5cCI6IkpXVCJ9.eyJ0b2tlbl90eXBlIjoicmVmcmVzaCIsImV4cCI6MTc0MjE2NDcwNSwiaWF0IjoxNzQxNTU5OTA1LCJqdGkiOiJkNDUxMjJiMWNkNmU0M2U5ODVkZDA2N2U3MzllOTYxZiIsInVzZXJfaWQiOjl9.CqVnBhifULkZ7rQoMdgMK4vSz4wrv5QfXClF3MMHSC8",
    "created_at": "2025-03-10T05:38:25.390+07:00",
    "expires_at": "2025-03-17T05:38:25+07:00"
  }
},
{
  "model": "token_blacklist.outstandingtoken",
  "pk": 21,
  "fields": {
    "user": 9,
    "jti": "0907e6baf4004f179646e9f0c2c112c9",
    "token": "eyJhbGciOiJIUzI1NiIsInR5cCI6IkpXVCJ9.eyJ0b2tlbl90eXBlIjoicmVmcmVzaCIsImV4cCI6MTc0MjE2NTIyMiwiaWF0IjoxNzQxNTYwNDIyLCJqdGkiOiIwOTA3ZTZiYWY0MDA0ZjE3OTY0NmU5ZjBjMmMxMTJjOSIsInVzZXJfaWQiOjl9.hfoJO7OuakuIZ9rrTJ0AjmPrXd9AocdpXYE1xf5N3BM",
    "created_at": "2025-03-10T05:47:02.012+07:00",
    "expires_at": "2025-03-17T05:47:02+07:00"
  }
},
{
  "model": "token_blacklist.outstandingtoken",
  "pk": 22,
  "fields": {
    "user": 9,
    "jti": "0f07a8e5592f4e5fa33dfa0dea11a5b6",
    "token": "eyJhbGciOiJIUzI1NiIsInR5cCI6IkpXVCJ9.eyJ0b2tlbl90eXBlIjoicmVmcmVzaCIsImV4cCI6MTc0MjE5NDA0NiwiaWF0IjoxNzQxNTg5MjQ2LCJqdGkiOiIwZjA3YThlNTU5MmY0ZTVmYTMzZGZhMGRlYTExYTViNiIsInVzZXJfaWQiOjl9.79Bt0_vlTjWDlUEwV10dFaYAX93SiX5ufuSYxf-Ze70",
    "created_at": "2025-03-10T13:47:26.527+07:00",
    "expires_at": "2025-03-17T13:47:26+07:00"
  }
},
{
  "model": "token_blacklist.outstandingtoken",
  "pk": 23,
  "fields": {
    "user": 9,
    "jti": "918b02fd34814c92ba7261464f575e15",
    "token": "eyJhbGciOiJIUzI1NiIsInR5cCI6IkpXVCJ9.eyJ0b2tlbl90eXBlIjoicmVmcmVzaCIsImV4cCI6MTc0MjE5NDEzNCwiaWF0IjoxNzQxNTg5MzM0LCJqdGkiOiI5MThiMDJmZDM0ODE0YzkyYmE3MjYxNDY0ZjU3NWUxNSIsInVzZXJfaWQiOjl9.5hfjrG1Nm2PiAyteoLVDAb36TClNOMVsZpjsWVpOxjs",
    "created_at": "2025-03-10T13:48:54.220+07:00",
    "expires_at": "2025-03-17T13:48:54+07:00"
  }
},
{
  "model": "token_blacklist.outstandingtoken",
  "pk": 24,
  "fields": {
    "user": 9,
    "jti": "13fae2206725459298018dc56cd0bdfb",
    "token": "eyJhbGciOiJIUzI1NiIsInR5cCI6IkpXVCJ9.eyJ0b2tlbl90eXBlIjoicmVmcmVzaCIsImV4cCI6MTc0MjE5NjA2OSwiaWF0IjoxNzQxNTkxMjY5LCJqdGkiOiIxM2ZhZTIyMDY3MjU0NTkyOTgwMThkYzU2Y2QwYmRmYiIsInVzZXJfaWQiOjl9.Ip6AEwI93E9o7-8UfQHHNA_gDAw7cOwx7Xq_E4TkXBs",
    "created_at": "2025-03-10T14:21:09.581+07:00",
    "expires_at": "2025-03-17T14:21:09+07:00"
  }
},
{
  "model": "token_blacklist.outstandingtoken",
  "pk": 25,
  "fields": {
    "user": 9,
    "jti": "e33335cbdc1c4a51bceb7828d2de4c5e",
    "token": "eyJhbGciOiJIUzI1NiIsInR5cCI6IkpXVCJ9.eyJ0b2tlbl90eXBlIjoicmVmcmVzaCIsImV4cCI6MTc0MjIxNjc3MiwiaWF0IjoxNzQxNjExOTcyLCJqdGkiOiJlMzMzMzVjYmRjMWM0YTUxYmNlYjc4MjhkMmRlNGM1ZSIsInVzZXJfaWQiOjl9.F4L27Pt5xaNXe889UX52HgScIBfftWoysIUziJIRivk",
    "created_at": "2025-03-10T20:06:12.726+07:00",
    "expires_at": "2025-03-17T20:06:12+07:00"
  }
},
{
  "model": "token_blacklist.outstandingtoken",
  "pk": 26,
  "fields": {
    "user": 9,
    "jti": "482f8824c91e418aa3c68ca640ce88da",
    "token": "eyJhbGciOiJIUzI1NiIsInR5cCI6IkpXVCJ9.eyJ0b2tlbl90eXBlIjoicmVmcmVzaCIsImV4cCI6MTc0MjMwNDQ3MiwiaWF0IjoxNzQxNjk5NjcyLCJqdGkiOiI0ODJmODgyNGM5MWU0MThhYTNjNjhjYTY0MGNlODhkYSIsInVzZXJfaWQiOjl9.WwZBcMIS4_3BBRQqqX0SVeYevHEcp-bItOXPpX_BIQs",
    "created_at": "2025-03-11T20:27:52.477+07:00",
    "expires_at": "2025-03-18T20:27:52+07:00"
  }
},
{
  "model": "token_blacklist.outstandingtoken",
  "pk": 27,
  "fields": {
    "user": 9,
    "jti": "2baded68927449a7ad9b33c9eed2bb4e",
    "token": "eyJhbGciOiJIUzI1NiIsInR5cCI6IkpXVCJ9.eyJ0b2tlbl90eXBlIjoicmVmcmVzaCIsImV4cCI6MTc0MjYyNDk0NSwiaWF0IjoxNzQyMDIwMTQ1LCJqdGkiOiIyYmFkZWQ2ODkyNzQ0OWE3YWQ5YjMzYzllZWQyYmI0ZSIsInVzZXJfaWQiOjl9.bC8QWXjvjY59II-iRM3a6I7kQDUM4rdJlx1tWgun8Y4",
    "created_at": "2025-03-15T13:29:05.105+07:00",
    "expires_at": "2025-03-22T13:29:05+07:00"
  }
},
{
  "model": "token_blacklist.outstandingtoken",
  "pk": 28,
  "fields": {
    "user": 12,
    "jti": "0b51f2c809534861bb3ccf31bd772a7b",
    "token": "eyJhbGciOiJIUzI1NiIsInR5cCI6IkpXVCJ9.eyJ0b2tlbl90eXBlIjoicmVmcmVzaCIsImV4cCI6MTc0MjYyNzk2NiwiaWF0IjoxNzQyMDIzMTY2LCJqdGkiOiIwYjUxZjJjODA5NTM0ODYxYmIzY2NmMzFiZDc3MmE3YiIsInVzZXJfaWQiOjEyfQ.INIjtr6ju1M75QPnPnpUuomx9dICcqgHJd8OE8568Es",
    "created_at": "2025-03-15T14:19:26.019+07:00",
    "expires_at": "2025-03-22T14:19:26+07:00"
  }
},
{
  "model": "token_blacklist.outstandingtoken",
  "pk": 29,
  "fields": {
    "user": 9,
    "jti": "34c377527d7b426f963a99cbf0239ab9",
    "token": "eyJhbGciOiJIUzI1NiIsInR5cCI6IkpXVCJ9.eyJ0b2tlbl90eXBlIjoicmVmcmVzaCIsImV4cCI6MTc0MjcxNjM5NiwiaWF0IjoxNzQyMTExNTk2LCJqdGkiOiIzNGMzNzc1MjdkN2I0MjZmOTYzYTk5Y2JmMDIzOWFiOSIsInVzZXJfaWQiOjl9.ba9-ROHC6eyvv9F2qkvxrX8ox_2UbQRVGkgfd5q7eSA",
    "created_at": "2025-03-16T14:53:16.005+07:00",
    "expires_at": "2025-03-23T14:53:16+07:00"
  }
},
{
  "model": "token_blacklist.outstandingtoken",
  "pk": 30,
  "fields": {
    "user": 9,
    "jti": "44158757e3124f1c91ce6b82d5b33f2e",
    "token": "eyJhbGciOiJIUzI1NiIsInR5cCI6IkpXVCJ9.eyJ0b2tlbl90eXBlIjoicmVmcmVzaCIsImV4cCI6MTc0MjcxNzk5OCwiaWF0IjoxNzQyMTEzMTk4LCJqdGkiOiI0NDE1ODc1N2UzMTI0ZjFjOTFjZTZiODJkNWIzM2YyZSIsInVzZXJfaWQiOjl9.LkuEKPe2FeWh3NE-ZaxyYH5QyKTZn-C8nTkQBM9Y8MA",
    "created_at": "2025-03-16T15:19:58.439+07:00",
    "expires_at": "2025-03-23T15:19:58+07:00"
  }
},
{
  "model": "token_blacklist.outstandingtoken",
  "pk": 31,
  "fields": {
    "user": 13,
    "jti": "022b32d3bf9848fc9ccf2ed86398032e",
    "token": "eyJhbGciOiJIUzI1NiIsInR5cCI6IkpXVCJ9.eyJ0b2tlbl90eXBlIjoicmVmcmVzaCIsImV4cCI6MTc0MjcxODE2MywiaWF0IjoxNzQyMTEzMzYzLCJqdGkiOiIwMjJiMzJkM2JmOTg0OGZjOWNjZjJlZDg2Mzk4MDMyZSIsInVzZXJfaWQiOjEzfQ.hH1QdpMDDy3eb4NT4IEdzwxuye6Jrd1tMhKdSH92eJU",
    "created_at": "2025-03-16T15:22:43.662+07:00",
    "expires_at": "2025-03-23T15:22:43+07:00"
  }
},
{
  "model": "token_blacklist.outstandingtoken",
  "pk": 32,
  "fields": {
    "user": 9,
    "jti": "575d0de426df4f459c352873ebbbfec0",
    "token": "eyJhbGciOiJIUzI1NiIsInR5cCI6IkpXVCJ9.eyJ0b2tlbl90eXBlIjoicmVmcmVzaCIsImV4cCI6MTc0MjcxOTcxMywiaWF0IjoxNzQyMTE0OTEzLCJqdGkiOiI1NzVkMGRlNDI2ZGY0ZjQ1OWMzNTI4NzNlYmJiZmVjMCIsInVzZXJfaWQiOjl9.XBDKsINPjz2Gyp7AIEL4D2sV5KbgXgdBSKIz0CM96RE",
    "created_at": "2025-03-16T15:48:33.942+07:00",
    "expires_at": "2025-03-23T15:48:33+07:00"
  }
},
{
  "model": "token_blacklist.outstandingtoken",
  "pk": 33,
  "fields": {
    "user": 9,
    "jti": "909cc4cc798840c4a203a2579761a693",
    "token": "eyJhbGciOiJIUzI1NiIsInR5cCI6IkpXVCJ9.eyJ0b2tlbl90eXBlIjoicmVmcmVzaCIsImV4cCI6MTc0Mjc1MzA3NSwiaWF0IjoxNzQyMTQ4Mjc1LCJqdGkiOiI5MDljYzRjYzc5ODg0MGM0YTIwM2EyNTc5NzYxYTY5MyIsInVzZXJfaWQiOjl9.wM-jFEVpY7AmCFd599H95NAHse1XQHf6wK_FcFHGdls",
    "created_at": "2025-03-17T01:04:35.184+07:00",
    "expires_at": "2025-03-24T01:04:35+07:00"
  }
},
{
  "model": "token_blacklist.outstandingtoken",
  "pk": 34,
  "fields": {
    "user": 2,
    "jti": "a0b28b61e2e6458da1d534c13ec3112b",
    "token": "eyJhbGciOiJIUzI1NiIsInR5cCI6IkpXVCJ9.eyJ0b2tlbl90eXBlIjoicmVmcmVzaCIsImV4cCI6MTc0Mjc1NTAwNCwiaWF0IjoxNzQyMTUwMjA0LCJqdGkiOiJhMGIyOGI2MWUyZTY0NThkYTFkNTM0YzEzZWMzMTEyYiIsInVzZXJfaWQiOjJ9._gcVUv__PkphyO6kEIIFk_w8Qd0Zob03_OczYHrrJFc",
    "created_at": "2025-03-17T01:36:44.653+07:00",
    "expires_at": "2025-03-24T01:36:44+07:00"
  }
},
{
  "model": "token_blacklist.outstandingtoken",
  "pk": 35,
  "fields": {
    "user": 2,
    "jti": "370dfba01c304eb781a1b229b25ad875",
    "token": "eyJhbGciOiJIUzI1NiIsInR5cCI6IkpXVCJ9.eyJ0b2tlbl90eXBlIjoicmVmcmVzaCIsImV4cCI6MTc0Mjc1NzU0MywiaWF0IjoxNzQyMTUyNzQzLCJqdGkiOiIzNzBkZmJhMDFjMzA0ZWI3ODFhMWIyMjliMjVhZDg3NSIsInVzZXJfaWQiOjJ9.Ykh429kgQbD_WgvT-TNWV7Nv7CE-TtMR9jygujVTgrY",
    "created_at": "2025-03-17T02:19:03.479+07:00",
    "expires_at": "2025-03-24T02:19:03+07:00"
  }
},
{
  "model": "token_blacklist.outstandingtoken",
  "pk": 36,
  "fields": {
    "user": 2,
    "jti": "94e61cf8d4a94ba093ec1931e4d952d0",
    "token": "eyJhbGciOiJIUzI1NiIsInR5cCI6IkpXVCJ9.eyJ0b2tlbl90eXBlIjoicmVmcmVzaCIsImV4cCI6MTc0MjgxMDU0NSwiaWF0IjoxNzQyMjA1NzQ1LCJqdGkiOiI5NGU2MWNmOGQ0YTk0YmEwOTNlYzE5MzFlNGQ5NTJkMCIsInVzZXJfaWQiOjJ9.1e1lcAKY6C6QH1SS2o84PhmLMpbE2xHyRT2VjynAnUw",
    "created_at": "2025-03-17T17:02:25.613+07:00",
    "expires_at": "2025-03-24T17:02:25+07:00"
  }
},
{
  "model": "token_blacklist.outstandingtoken",
  "pk": 37,
  "fields": {
    "user": 2,
    "jti": "cc3f4ac9462b4e02bb12205835dc93b4",
    "token": "eyJhbGciOiJIUzI1NiIsInR5cCI6IkpXVCJ9.eyJ0b2tlbl90eXBlIjoicmVmcmVzaCIsImV4cCI6MTc0Mjk5Nzc4MiwiaWF0IjoxNzQyMzkyOTgyLCJqdGkiOiJjYzNmNGFjOTQ2MmI0ZTAyYmIxMjIwNTgzNWRjOTNiNCIsInVzZXJfaWQiOjJ9.69NvdRp1xGW0DYHAfsySXCCLFQeE-5vL589NDWJYvfw",
    "created_at": "2025-03-19T21:03:02.810+07:00",
    "expires_at": "2025-03-26T21:03:02+07:00"
  }
},
{
  "model": "token_blacklist.outstandingtoken",
  "pk": 38,
  "fields": {
    "user": 2,
    "jti": "ac1d73102f7b4ba6a8a6fbb19c75e019",
    "token": "eyJhbGciOiJIUzI1NiIsInR5cCI6IkpXVCJ9.eyJ0b2tlbl90eXBlIjoicmVmcmVzaCIsImV4cCI6MTc0MzEwODc2NCwiaWF0IjoxNzQyNTAzOTY0LCJqdGkiOiJhYzFkNzMxMDJmN2I0YmE2YThhNmZiYjE5Yzc1ZTAxOSIsInVzZXJfaWQiOjJ9.x_ByEAnZqSgYpq9kz5qQDScOzy7Z829FZX6oszmz8Z0",
    "created_at": "2025-03-21T03:52:44.048+07:00",
    "expires_at": "2025-03-28T03:52:44+07:00"
  }
},
{
  "model": "token_blacklist.outstandingtoken",
  "pk": 39,
  "fields": {
    "user": 2,
    "jti": "a8167febf57e46309874fbe85888253f",
    "token": "eyJhbGciOiJIUzI1NiIsInR5cCI6IkpXVCJ9.eyJ0b2tlbl90eXBlIjoicmVmcmVzaCIsImV4cCI6MTc0MzE4Mzc5OSwiaWF0IjoxNzQyNTc4OTk5LCJqdGkiOiJhODE2N2ZlYmY1N2U0NjMwOTg3NGZiZTg1ODg4MjUzZiIsInVzZXJfaWQiOjJ9.pU68eaAG6oRKuuzpKHVVeV1gC59MPsnf7xT6-ElxsbA",
    "created_at": "2025-03-22T00:43:19.294+07:00",
    "expires_at": "2025-03-29T00:43:19+07:00"
  }
},
{
  "model": "token_blacklist.outstandingtoken",
  "pk": 40,
  "fields": {
    "user": 2,
    "jti": "1a88b40b3a2442ada1a229c4b54aea20",
    "token": "eyJhbGciOiJIUzI1NiIsInR5cCI6IkpXVCJ9.eyJ0b2tlbl90eXBlIjoicmVmcmVzaCIsImV4cCI6MTc0MzI1ODE4MSwiaWF0IjoxNzQyNjUzMzgxLCJqdGkiOiIxYTg4YjQwYjNhMjQ0MmFkYTFhMjI5YzRiNTRhZWEyMCIsInVzZXJfaWQiOjJ9.RM6fgmezNDVKSFDnuzOuA2RIh4GQC2wpk-csP1gnQWE",
    "created_at": "2025-03-22T21:23:01.341+07:00",
    "expires_at": "2025-03-29T21:23:01+07:00"
  }
},
{
  "model": "token_blacklist.outstandingtoken",
  "pk": 41,
  "fields": {
    "user": 2,
    "jti": "d93326dcc2394502b7353dfa78414914",
    "token": "eyJhbGciOiJIUzI1NiIsInR5cCI6IkpXVCJ9.eyJ0b2tlbl90eXBlIjoicmVmcmVzaCIsImV4cCI6MTc0MzI4NTk2NSwiaWF0IjoxNzQyNjgxMTY1LCJqdGkiOiJkOTMzMjZkY2MyMzk0NTAyYjczNTNkZmE3ODQxNDkxNCIsInVzZXJfaWQiOjJ9.wWnFtnDX20ZiOYcbn5kfLYAKFutZZ3glAdiiZ_asmcw",
    "created_at": "2025-03-23T05:06:05.870+07:00",
    "expires_at": "2025-03-30T05:06:05+07:00"
  }
},
{
  "model": "token_blacklist.outstandingtoken",
  "pk": 42,
  "fields": {
    "user": 9,
    "jti": "369ea5f4840b44c88e008b6f109e4c32",
    "token": "eyJhbGciOiJIUzI1NiIsInR5cCI6IkpXVCJ9.eyJ0b2tlbl90eXBlIjoicmVmcmVzaCIsImV4cCI6MTc0MzI5MjA3MCwiaWF0IjoxNzQyNjg3MjcwLCJqdGkiOiIzNjllYTVmNDg0MGI0NGM4OGUwMDhiNmYxMDllNGMzMiIsInVzZXJfaWQiOjl9.WmO46l-jhc7uuGdPX12_F8LPpE89EIk1iWIB262wfSM",
    "created_at": "2025-03-23T06:47:50.014+07:00",
    "expires_at": "2025-03-30T06:47:50+07:00"
  }
},
{
  "model": "token_blacklist.outstandingtoken",
  "pk": 43,
  "fields": {
    "user": 2,
    "jti": "c8f8bb1268404cefa34ed86d81b7db0d",
    "token": "eyJhbGciOiJIUzI1NiIsInR5cCI6IkpXVCJ9.eyJ0b2tlbl90eXBlIjoicmVmcmVzaCIsImV4cCI6MTc0MzI5NDAxNCwiaWF0IjoxNzQyNjg5MjE0LCJqdGkiOiJjOGY4YmIxMjY4NDA0Y2VmYTM0ZWQ4NmQ4MWI3ZGIwZCIsInVzZXJfaWQiOjJ9.Mge2sKXA6Ee-a4-R8k27lcVr98eSnLM3DD0WrcmqsMs",
    "created_at": "2025-03-23T07:20:14.502+07:00",
    "expires_at": "2025-03-30T07:20:14+07:00"
  }
},
{
  "model": "token_blacklist.outstandingtoken",
  "pk": 44,
  "fields": {
    "user": 9,
    "jti": "2d1171b1575d4b918a1602e5d06c097a",
    "token": "eyJhbGciOiJIUzI1NiIsInR5cCI6IkpXVCJ9.eyJ0b2tlbl90eXBlIjoicmVmcmVzaCIsImV4cCI6MTc0MzM0MTc3NCwiaWF0IjoxNzQyNzM2OTc0LCJqdGkiOiIyZDExNzFiMTU3NWQ0YjkxOGExNjAyZTVkMDZjMDk3YSIsInVzZXJfaWQiOjl9.mULcqCkLt066CNB6s2VeRipc6oNNcWZCqwEvN_pig4A",
    "created_at": "2025-03-23T20:36:14.562+07:00",
    "expires_at": "2025-03-30T20:36:14+07:00"
  }
},
{
  "model": "token_blacklist.outstandingtoken",
  "pk": 45,
  "fields": {
    "user": 9,
    "jti": "b4a71995a67945b3ad5b0bd414c12cd7",
    "token": "eyJhbGciOiJIUzI1NiIsInR5cCI6IkpXVCJ9.eyJ0b2tlbl90eXBlIjoicmVmcmVzaCIsImV4cCI6MTc0MzM1NTE4MywiaWF0IjoxNzQyNzUwMzgzLCJqdGkiOiJiNGE3MTk5NWE2Nzk0NWIzYWQ1YjBiZDQxNGMxMmNkNyIsInVzZXJfaWQiOjl9.hIIw3IaRXV_diQuSFZJV7_KBdrn1YtVwiv9VRtw8CyE",
    "created_at": "2025-03-24T00:19:43.954+07:00",
    "expires_at": "2025-03-31T00:19:43+07:00"
  }
},
{
  "model": "token_blacklist.outstandingtoken",
  "pk": 46,
  "fields": {
    "user": 2,
    "jti": "c1908342d560472e94c3720c27dbb5be",
    "token": "eyJhbGciOiJIUzI1NiIsInR5cCI6IkpXVCJ9.eyJ0b2tlbl90eXBlIjoicmVmcmVzaCIsImV4cCI6MTc0MzM1NTYyNSwiaWF0IjoxNzQyNzUwODI1LCJqdGkiOiJjMTkwODM0MmQ1NjA0NzJlOTRjMzcyMGMyN2RiYjViZSIsInVzZXJfaWQiOjJ9.5JrJI4lV8lUamVeVTMMSH1AcPmpGwQEHIuilsPp_GU8",
    "created_at": "2025-03-24T00:27:05.053+07:00",
    "expires_at": "2025-03-31T00:27:05+07:00"
  }
},
{
  "model": "token_blacklist.outstandingtoken",
  "pk": 47,
  "fields": {
    "user": 2,
    "jti": "8d287691a74d46348e094369927a0892",
    "token": "eyJhbGciOiJIUzI1NiIsInR5cCI6IkpXVCJ9.eyJ0b2tlbl90eXBlIjoicmVmcmVzaCIsImV4cCI6MTc0MzQxOTQxNCwiaWF0IjoxNzQyODE0NjE0LCJqdGkiOiI4ZDI4NzY5MWE3NGQ0NjM0OGUwOTQzNjk5MjdhMDg5MiIsInVzZXJfaWQiOjJ9.ISqhx96XyRkg1z0WzJ1mwrya7OnaO5fQRFnmJLxgcZM",
    "created_at": "2025-03-24T18:10:14.833+07:00",
    "expires_at": "2025-03-31T18:10:14+07:00"
  }
},
{
  "model": "token_blacklist.outstandingtoken",
  "pk": 48,
  "fields": {
    "user": 2,
    "jti": "efab34e634d144538d5140dc26bbd3a0",
    "token": "eyJhbGciOiJIUzI1NiIsInR5cCI6IkpXVCJ9.eyJ0b2tlbl90eXBlIjoicmVmcmVzaCIsImV4cCI6MTc0MzQyMDkyMiwiaWF0IjoxNzQyODE2MTIyLCJqdGkiOiJlZmFiMzRlNjM0ZDE0NDUzOGQ1MTQwZGMyNmJiZDNhMCIsInVzZXJfaWQiOjJ9.FAqg2GAOoPjmXFbHknTxhrAxmSyiK6HU2w-qsbp5OUI",
    "created_at": "2025-03-24T18:35:22.744+07:00",
    "expires_at": "2025-03-31T18:35:22+07:00"
  }
},
{
  "model": "token_blacklist.outstandingtoken",
  "pk": 49,
  "fields": {
    "user": 9,
    "jti": "fd3aff27881a4f238a32741b29434f48",
    "token": "eyJhbGciOiJIUzI1NiIsInR5cCI6IkpXVCJ9.eyJ0b2tlbl90eXBlIjoicmVmcmVzaCIsImV4cCI6MTc0MzQyMzMzNywiaWF0IjoxNzQyODE4NTM3LCJqdGkiOiJmZDNhZmYyNzg4MWE0ZjIzOGEzMjc0MWIyOTQzNGY0OCIsInVzZXJfaWQiOjl9.JsCaoiRL9S2ndRdDusczH04SoUT-1aGsOBL8jE8Ycko",
    "created_at": "2025-03-24T19:15:37.411+07:00",
    "expires_at": "2025-03-31T19:15:37+07:00"
  }
},
{
  "model": "token_blacklist.outstandingtoken",
  "pk": 50,
  "fields": {
    "user": 9,
    "jti": "3ea7434723fd46bb95869ee71f1a3730",
    "token": "eyJhbGciOiJIUzI1NiIsInR5cCI6IkpXVCJ9.eyJ0b2tlbl90eXBlIjoicmVmcmVzaCIsImV4cCI6MTc0MzQyOTQxMSwiaWF0IjoxNzQyODI0NjExLCJqdGkiOiIzZWE3NDM0NzIzZmQ0NmJiOTU4NjllZTcxZjFhMzczMCIsInVzZXJfaWQiOjl9.V6dtmc57eUkMzd0ECFrkTuwZYazmzO4-iP4dbhBvzFc",
    "created_at": "2025-03-24T20:56:51.994+07:00",
    "expires_at": "2025-03-31T20:56:51+07:00"
  }
},
{
  "model": "token_blacklist.outstandingtoken",
  "pk": 51,
  "fields": {
    "user": 2,
    "jti": "cadcdddbe5854e0c9044f576c46fa43c",
    "token": "eyJhbGciOiJIUzI1NiIsInR5cCI6IkpXVCJ9.eyJ0b2tlbl90eXBlIjoicmVmcmVzaCIsImV4cCI6MTc0Mzk0MTg3NywiaWF0IjoxNzQzMzM3MDc3LCJqdGkiOiJjYWRjZGRkYmU1ODU0ZTBjOTA0NGY1NzZjNDZmYTQzYyIsInVzZXJfaWQiOjJ9.SdpJN8Y2J5jQrL0nsu2ncuBiHs8sHohe9ObSqQKfg9E",
    "created_at": "2025-03-30T19:17:57.030+07:00",
    "expires_at": "2025-04-06T19:17:57+07:00"
  }
},
{
  "model": "token_blacklist.outstandingtoken",
  "pk": 52,
  "fields": {
    "user": 2,
    "jti": "dbbea1fe2a6c4a25b951d102f05d5325",
    "token": "eyJhbGciOiJIUzI1NiIsInR5cCI6IkpXVCJ9.eyJ0b2tlbl90eXBlIjoicmVmcmVzaCIsImV4cCI6MTc0NDAyNDMzMSwiaWF0IjoxNzQzNDE5NTMxLCJqdGkiOiJkYmJlYTFmZTJhNmM0YTI1Yjk1MWQxMDJmMDVkNTMyNSIsInVzZXJfaWQiOjJ9.KcALvdocJVyKYU2Q6nLtb0HjOz-DKn-3Vk95nkLjgAw",
    "created_at": "2025-03-31T18:12:11.886+07:00",
    "expires_at": "2025-04-07T18:12:11+07:00"
  }
},
{
  "model": "token_blacklist.outstandingtoken",
  "pk": 53,
  "fields": {
    "user": 2,
    "jti": "68253f487192456cbd55b7daa93732b7",
    "token": "eyJhbGciOiJIUzI1NiIsInR5cCI6IkpXVCJ9.eyJ0b2tlbl90eXBlIjoicmVmcmVzaCIsImV4cCI6MTc0NDAyNTMyNSwiaWF0IjoxNzQzNDIwNTI1LCJqdGkiOiI2ODI1M2Y0ODcxOTI0NTZjYmQ1NWI3ZGFhOTM3MzJiNyIsInVzZXJfaWQiOjJ9.wdNnkxx2FA68HDIEWSe_v6kAkvqYXrYlWbYg-sEGJiY",
    "created_at": "2025-03-31T18:28:45.380+07:00",
    "expires_at": "2025-04-07T18:28:45+07:00"
  }
},
{
  "model": "token_blacklist.outstandingtoken",
  "pk": 54,
  "fields": {
    "user": 9,
    "jti": "e4d496279c2f422ba11dd66b5d475e48",
    "token": "eyJhbGciOiJIUzI1NiIsInR5cCI6IkpXVCJ9.eyJ0b2tlbl90eXBlIjoicmVmcmVzaCIsImV4cCI6MTc0NDU0MTM1NCwiaWF0IjoxNzQzOTM2NTU0LCJqdGkiOiJlNGQ0OTYyNzljMmY0MjJiYTExZGQ2NmI1ZDQ3NWU0OCIsInVzZXJfaWQiOjl9.L7mjGDoWuL7zZeFNLZlnO0rz6WdYmpFKP4-mXzK4OlY",
    "created_at": "2025-04-06T17:49:14.692+07:00",
    "expires_at": "2025-04-13T17:49:14+07:00"
  }
},
{
  "model": "token_blacklist.outstandingtoken",
  "pk": 55,
  "fields": {
    "user": 2,
    "jti": "7e1e7e53c31c4ddb9e199162d17b2bef",
    "token": "eyJhbGciOiJIUzI1NiIsInR5cCI6IkpXVCJ9.eyJ0b2tlbl90eXBlIjoicmVmcmVzaCIsImV4cCI6MTc0NDU0MTM2NSwiaWF0IjoxNzQzOTM2NTY1LCJqdGkiOiI3ZTFlN2U1M2MzMWM0ZGRiOWUxOTkxNjJkMTdiMmJlZiIsInVzZXJfaWQiOjJ9.ycxYPa-Cwcj6nLFL41YSq_BAB0kFuV7391zvp6wN_nQ",
    "created_at": "2025-04-06T17:49:25.318+07:00",
    "expires_at": "2025-04-13T17:49:25+07:00"
  }
},
{
  "model": "token_blacklist.outstandingtoken",
  "pk": 56,
  "fields": {
    "user": 2,
    "jti": "73000c10f3c8462882f089da8469597b",
    "token": "eyJhbGciOiJIUzI1NiIsInR5cCI6IkpXVCJ9.eyJ0b2tlbl90eXBlIjoicmVmcmVzaCIsImV4cCI6MTc0NDcwMDQ1NywiaWF0IjoxNzQ0MDk1NjU3LCJqdGkiOiI3MzAwMGMxMGYzYzg0NjI4ODJmMDg5ZGE4NDY5NTk3YiIsInVzZXJfaWQiOjJ9.BSHcXKtK27bgWjHQ5KJ2_qsBjZomZph5WForF38MJQc",
    "created_at": "2025-04-08T14:00:57.123+07:00",
    "expires_at": "2025-04-15T14:00:57+07:00"
  }
},
{
  "model": "token_blacklist.outstandingtoken",
  "pk": 57,
  "fields": {
    "user": 2,
    "jti": "191fa260337046618598e5da77a29bde",
    "token": "eyJhbGciOiJIUzI1NiIsInR5cCI6IkpXVCJ9.eyJ0b2tlbl90eXBlIjoicmVmcmVzaCIsImV4cCI6MTc0NDcyNTk3MiwiaWF0IjoxNzQ0MTIxMTcyLCJqdGkiOiIxOTFmYTI2MDMzNzA0NjYxODU5OGU1ZGE3N2EyOWJkZSIsInVzZXJfaWQiOjJ9.Zts46RedGCYozVKLHTGu403CGwrCdQvbeFigYM02fXg",
    "created_at": "2025-04-08T21:06:12.481+07:00",
    "expires_at": "2025-04-15T21:06:12+07:00"
  }
},
{
  "model": "token_blacklist.outstandingtoken",
  "pk": 58,
  "fields": {
    "user": 2,
    "jti": "fc396a161fb34c858e177e655c04be8e",
    "token": "eyJhbGciOiJIUzI1NiIsInR5cCI6IkpXVCJ9.eyJ0b2tlbl90eXBlIjoicmVmcmVzaCIsImV4cCI6MTc0NTU0NjkyNywiaWF0IjoxNzQ0OTQyMTI3LCJqdGkiOiJmYzM5NmExNjFmYjM0Yzg1OGUxNzdlNjU1YzA0YmU4ZSIsInVzZXJfaWQiOjJ9.Es5j0Oj_DeJbhDZVXXArE4n07tJ3-sn1mQDXuvwpcGc",
    "created_at": "2025-04-18T09:08:47.285+07:00",
    "expires_at": "2025-04-25T09:08:47+07:00"
  }
},
{
  "model": "token_blacklist.outstandingtoken",
  "pk": 59,
  "fields": {
    "user": 9,
    "jti": "94d7956db5014cd9a132aec82b1b819d",
    "token": "eyJhbGciOiJIUzI1NiIsInR5cCI6IkpXVCJ9.eyJ0b2tlbl90eXBlIjoicmVmcmVzaCIsImV4cCI6MTc0NTU2MDM2OSwiaWF0IjoxNzQ0OTU1NTY5LCJqdGkiOiI5NGQ3OTU2ZGI1MDE0Y2Q5YTEzMmFlYzgyYjFiODE5ZCIsInVzZXJfaWQiOjl9.oRladxn3VejTxrkpgBZWUKvclgob67aBJMS4rwTMU3Y",
    "created_at": "2025-04-18T12:52:49.811+07:00",
    "expires_at": "2025-04-25T12:52:49+07:00"
  }
},
{
  "model": "token_blacklist.outstandingtoken",
  "pk": 60,
  "fields": {
    "user": 2,
    "jti": "a01d5ee8943946f597dba5f5cb793a64",
    "token": "eyJhbGciOiJIUzI1NiIsInR5cCI6IkpXVCJ9.eyJ0b2tlbl90eXBlIjoicmVmcmVzaCIsImV4cCI6MTc0NTU2MTg0NywiaWF0IjoxNzQ0OTU3MDQ3LCJqdGkiOiJhMDFkNWVlODk0Mzk0NmY1OTdkYmE1ZjVjYjc5M2E2NCIsInVzZXJfaWQiOjJ9.QwIKy-s6iGf22jus2I5OOV40cX_iFh-xVjbQLmjtE30",
    "created_at": "2025-04-18T13:17:27.999+07:00",
    "expires_at": "2025-04-25T13:17:27+07:00"
  }
},
{
  "model": "token_blacklist.outstandingtoken",
  "pk": 61,
  "fields": {
    "user": 9,
    "jti": "d887ba4c6b29477782b855d9a5df0eb7",
    "token": "eyJhbGciOiJIUzI1NiIsInR5cCI6IkpXVCJ9.eyJ0b2tlbl90eXBlIjoicmVmcmVzaCIsImV4cCI6MTc0NTU4MDI5NywiaWF0IjoxNzQ0OTc1NDk3LCJqdGkiOiJkODg3YmE0YzZiMjk0Nzc3ODJiODU1ZDlhNWRmMGViNyIsInVzZXJfaWQiOjl9.F0r1piV2ffBfSTNjuf67ClJG7VsKyxqOxQC4EUNlTKs",
    "created_at": "2025-04-18T18:24:57.227+07:00",
    "expires_at": "2025-04-25T18:24:57+07:00"
  }
},
{
  "model": "token_blacklist.outstandingtoken",
  "pk": 62,
  "fields": {
    "user": 2,
    "jti": "ed18c1adca1642bba7b3ca898b14452b",
    "token": "eyJhbGciOiJIUzI1NiIsInR5cCI6IkpXVCJ9.eyJ0b2tlbl90eXBlIjoicmVmcmVzaCIsImV4cCI6MTc0NTY3NTU1NywiaWF0IjoxNzQ1MDcwNzU3LCJqdGkiOiJlZDE4YzFhZGNhMTY0MmJiYTdiM2NhODk4YjE0NDUyYiIsInVzZXJfaWQiOjJ9._1jDZatD1VGx--kSJLzgh7qw_kVa7GcfcnuhMZ1M24g",
    "created_at": "2025-04-19T20:52:37.833+07:00",
    "expires_at": "2025-04-26T20:52:37+07:00"
  }
},
{
  "model": "token_blacklist.outstandingtoken",
  "pk": 63,
  "fields": {
    "user": 2,
    "jti": "cdbca634d4324c7db3bc5601989ea257",
    "token": "eyJhbGciOiJIUzI1NiIsInR5cCI6IkpXVCJ9.eyJ0b2tlbl90eXBlIjoicmVmcmVzaCIsImV4cCI6MTc0NjQzNjUzMiwiaWF0IjoxNzQ1ODMxNzMyLCJqdGkiOiJjZGJjYTYzNGQ0MzI0YzdkYjNiYzU2MDE5ODllYTI1NyIsInVzZXJfaWQiOjJ9.p0x73OvgVJuVSQ-8pBlVIzIbUpbtBDHlOJJQVQkd6yE",
    "created_at": "2025-04-28T16:15:32.796+07:00",
    "expires_at": "2025-05-05T16:15:32+07:00"
  }
},
{
  "model": "token_blacklist.outstandingtoken",
  "pk": 64,
  "fields": {
    "user": 2,
    "jti": "60225baf49d04bd9a85f72c190569edc",
    "token": "eyJhbGciOiJIUzI1NiIsInR5cCI6IkpXVCJ9.eyJ0b2tlbl90eXBlIjoicmVmcmVzaCIsImV4cCI6MTc0NjQzNjYxMiwiaWF0IjoxNzQ1ODMxODEyLCJqdGkiOiI2MDIyNWJhZjQ5ZDA0YmQ5YTg1ZjcyYzE5MDU2OWVkYyIsInVzZXJfaWQiOjJ9.Sk08Nz8C1IMGeg-6cQk2biJZrb1ZDFsI_W_gVRRfe6w",
    "created_at": "2025-04-28T16:16:52.764+07:00",
    "expires_at": "2025-05-05T16:16:52+07:00"
  }
},
{
  "model": "token_blacklist.outstandingtoken",
  "pk": 65,
  "fields": {
    "user": 2,
    "jti": "76c7ddcdb2ea4576a3006821537ac052",
    "token": "eyJhbGciOiJIUzI1NiIsInR5cCI6IkpXVCJ9.eyJ0b2tlbl90eXBlIjoicmVmcmVzaCIsImV4cCI6MTc0NjQzODg5NSwiaWF0IjoxNzQ1ODM0MDk1LCJqdGkiOiI3NmM3ZGRjZGIyZWE0NTc2YTMwMDY4MjE1MzdhYzA1MiIsInVzZXJfaWQiOjJ9.l8aqsWGYZuQPD7OIaJacSUeuPTCoqP7WKqbOAK0lUdE",
    "created_at": "2025-04-28T16:54:55.806+07:00",
    "expires_at": "2025-05-05T16:54:55+07:00"
  }
},
{
  "model": "token_blacklist.outstandingtoken",
  "pk": 66,
  "fields": {
    "user": 2,
    "jti": "08016da448324f99a0169ba692ba7237",
    "token": "eyJhbGciOiJIUzI1NiIsInR5cCI6IkpXVCJ9.eyJ0b2tlbl90eXBlIjoicmVmcmVzaCIsImV4cCI6MTc0NjQ0ODg0MywiaWF0IjoxNzQ1ODQ0MDQzLCJqdGkiOiIwODAxNmRhNDQ4MzI0Zjk5YTAxNjliYTY5MmJhNzIzNyIsInVzZXJfaWQiOjJ9.86MfLqMMj8WNjnnYYRJW6JctM6Hu4WEvFFOPiiIi6Lo",
    "created_at": "2025-04-28T19:40:43.034+07:00",
    "expires_at": "2025-05-05T19:40:43+07:00"
  }
},
{
  "model": "token_blacklist.outstandingtoken",
  "pk": 67,
  "fields": {
    "user": 2,
    "jti": "8cc0323a45e44d7e86aaea952c549611",
    "token": "eyJhbGciOiJIUzI1NiIsInR5cCI6IkpXVCJ9.eyJ0b2tlbl90eXBlIjoicmVmcmVzaCIsImV4cCI6MTc0NjQ0ODg0MywiaWF0IjoxNzQ1ODQ0MDQzLCJqdGkiOiI4Y2MwMzIzYTQ1ZTQ0ZDdlODZhYWVhOTUyYzU0OTYxMSIsInVzZXJfaWQiOjJ9.q4EZcoSbvCtoNVLaYwWsnDhMQ7qLVuggEC1xA8qknpc",
    "created_at": "2025-04-28T19:40:43.818+07:00",
    "expires_at": "2025-05-05T19:40:43+07:00"
  }
},
{
  "model": "token_blacklist.outstandingtoken",
  "pk": 68,
  "fields": {
    "user": 2,
    "jti": "885ba03738fc4f51abf35781badcef52",
    "token": "eyJhbGciOiJIUzI1NiIsInR5cCI6IkpXVCJ9.eyJ0b2tlbl90eXBlIjoicmVmcmVzaCIsImV4cCI6MTc0NjQ0ODg3MywiaWF0IjoxNzQ1ODQ0MDczLCJqdGkiOiI4ODViYTAzNzM4ZmM0ZjUxYWJmMzU3ODFiYWRjZWY1MiIsInVzZXJfaWQiOjJ9.LOYf8zPZ6i12848mCEvvD_FpDl6PZptpmAPF2wpgeqI",
    "created_at": "2025-04-28T19:41:13.620+07:00",
    "expires_at": "2025-05-05T19:41:13+07:00"
  }
},
{
  "model": "token_blacklist.outstandingtoken",
  "pk": 69,
  "fields": {
    "user": 2,
    "jti": "3c8c5e1b12934a4d897e79ba1b3d701f",
    "token": "eyJhbGciOiJIUzI1NiIsInR5cCI6IkpXVCJ9.eyJ0b2tlbl90eXBlIjoicmVmcmVzaCIsImV4cCI6MTc0NjQ0OTExOSwiaWF0IjoxNzQ1ODQ0MzE5LCJqdGkiOiIzYzhjNWUxYjEyOTM0YTRkODk3ZTc5YmExYjNkNzAxZiIsInVzZXJfaWQiOjJ9.yuIccbfmDnJyUmYdWr-vE1ZX13NHyHiYQOxS33y8JbQ",
    "created_at": "2025-04-28T19:45:19.728+07:00",
    "expires_at": "2025-05-05T19:45:19+07:00"
  }
},
{
  "model": "token_blacklist.outstandingtoken",
  "pk": 70,
  "fields": {
    "user": 2,
    "jti": "125f686c72ae43cc9245b6b11e30b306",
    "token": "eyJhbGciOiJIUzI1NiIsInR5cCI6IkpXVCJ9.eyJ0b2tlbl90eXBlIjoicmVmcmVzaCIsImV4cCI6MTc0NzExOTY3OCwiaWF0IjoxNzQ2NTE0ODc4LCJqdGkiOiIxMjVmNjg2YzcyYWU0M2NjOTI0NWI2YjExZTMwYjMwNiIsInVzZXJfaWQiOjJ9.K-r4X8dS8ljptVLjIfYYUcPOd07aL6BEHIeucmJtUZ8",
    "created_at": "2025-05-06T14:01:18.334+07:00",
    "expires_at": "2025-05-13T14:01:18+07:00"
  }
},
{
  "model": "token_blacklist.outstandingtoken",
  "pk": 71,
  "fields": {
    "user": 2,
    "jti": "dbc01442ac9045cd97a843766e3505e9",
    "token": "eyJhbGciOiJIUzI1NiIsInR5cCI6IkpXVCJ9.eyJ0b2tlbl90eXBlIjoicmVmcmVzaCIsImV4cCI6MTc0NzExOTY3OSwiaWF0IjoxNzQ2NTE0ODc5LCJqdGkiOiJkYmMwMTQ0MmFjOTA0NWNkOTdhODQzNzY2ZTM1MDVlOSIsInVzZXJfaWQiOjJ9.LTLpbiX_SALhHYkAZlshha5Hbyqsoo8XLCguEcVHwIs",
    "created_at": "2025-05-06T14:01:19.353+07:00",
    "expires_at": "2025-05-13T14:01:19+07:00"
  }
},
{
  "model": "token_blacklist.outstandingtoken",
  "pk": 72,
  "fields": {
    "user": 2,
    "jti": "fe182e323db443268542bb9f0454c448",
    "token": "eyJhbGciOiJIUzI1NiIsInR5cCI6IkpXVCJ9.eyJ0b2tlbl90eXBlIjoicmVmcmVzaCIsImV4cCI6MTc0ODI1ODgzNCwiaWF0IjoxNzQ3NjU0MDM0LCJqdGkiOiJmZTE4MmUzMjNkYjQ0MzI2ODU0MmJiOWYwNDU0YzQ0OCIsInVzZXJfaWQiOjJ9.9pchh0PGyPftxKux4s1rQlwcbyG_M2iDRtZvu3w2sJ4",
    "created_at": "2025-05-19T18:27:14.140+07:00",
    "expires_at": "2025-05-26T18:27:14+07:00"
  }
},
{
  "model": "cart.cart",
  "pk": 8,
  "fields": {
    "user": 10
  }
},
{
  "model": "cart.cart",
  "pk": 9,
  "fields": {
    "user": 11
  }
},
{
  "model": "cart.cart",
  "pk": 10,
  "fields": {
    "user": 12
  }
},
{
  "model": "cart.cart",
  "pk": 27,
  "fields": {
    "user": 13
  }
},
{
  "model": "cart.cart",
  "pk": 28,
  "fields": {
    "user": 9
  }
},
{
  "model": "cart.cart",
  "pk": 29,
  "fields": {
    "user": 2
  }
},
{
  "model": "cart.cart",
  "pk": 30,
  "fields": {
    "user": 14
  }
},
{
  "model": "cart.cart",
  "pk": 31,
  "fields": {
    "user": 15
  }
},
{
  "model": "cart.cart",
  "pk": 32,
  "fields": {
    "user": 16
  }
},
{
  "model": "cart.cartitem",
  "pk": 28,
  "fields": {
    "cart": 10,
    "product": 9,
    "quantity": 1
  }
},
{
  "model": "cart.cartitem",
  "pk": 29,
  "fields": {
    "cart": 10,
    "product": 10,
    "quantity": 33
  }
},
{
  "model": "cart.cartitem",
  "pk": 31,
  "fields": {
    "cart": 10,
    "product": 20,
    "quantity": 3
  }
},
{
  "model": "contact.contact",
  "pk": 1,
  "fields": {
    "name": "string",
    "email": "user@example.com",
    "subject": "string",
    "content": "string",
    "created_at": "2025-03-30T19:18:41.859+07:00",
    "is_replied": true,
    "is_active": false
  }
},
{
  "model": "contact.contact",
  "pk": 2,
  "fields": {
    "name": "2",
    "email": "user@example.com",
    "subject": "string",
    "content": "string",
    "created_at": "2025-03-30T19:18:48.931+07:00",
    "is_replied": true,
    "is_active": true
  }
},
{
  "model": "contact.contact",
  "pk": 3,
  "fields": {
    "name": "Dai Nghia",
    "email": "nigrumdiaster@gmail.com",
    "subject": "Food",
    "content": "Hợp đồng xây dựng ký kết không rõ ràng, không tuân thủ bất kỳ quy định nào tại các văn bản quy phạm pháp luật về hợp đồng trong xây dựng. Các bên vừa ký hợp đồng xong thì 8 ngày sau đã phải đề nghị điều chỉnh thiết kế cơ sở. Từ đó dẫn đến việc thi công khi chưa có thiết kế kỹ thuật, bản vẽ thiết kế thi công và chưa có cả dự toán.",
    "created_at": "2025-03-31T19:25:23.474+07:00",
    "is_replied": true,
    "is_active": true
  }
},
{
  "model": "contact.contact",
  "pk": 4,
  "fields": {
    "name": "nghia luong",
    "email": "nigrumdiaster@gmail.com",
    "subject": "Liên hệ",
    "content": "Thanh tra Chính phủ chuyển hồ sơ vụ việc có dấu hiệu tội phạm tại dự án Bệnh viện Bạch Mai 2 và Việt Đức cơ sở 2 đến Bộ Công an xem xét điều tra.\n\nChiều 31/3, tại buổi công bố kết luận, Phó tổng Thanh tra Chính phủ Nguyễn Văn Cường cho biết, quá trình thanh tra đã chỉ ra những sai phạm có tính hệ thống khi triển khai dự án đầu tư xây dựng mới cơ sở 2 của Bệnh viện Bạch Mai và Bệnh viện Hữu nghị Việt Đức. Các yếu tố chủ quan xảy ra ở hầu hết các khâu, từ chuẩn bị đến đầu tư, phê duyệt chủ trương, lựa chọn nhà thầu, tổ chức đấu thầu.",
    "created_at": "2025-03-31T20:00:43.703+07:00",
    "is_replied": true,
    "is_active": true
  }
},
{
  "model": "contact.contact",
  "pk": 5,
  "fields": {
    "name": "Dai Nghia",
    "email": "nigrumdiaster@gmail.com",
    "subject": "Food Issue",
    "content": "Thanh tra Chính phủ chuyển hồ sơ vụ việc có dấu hiệu tội phạm tại dự án Bệnh viện Bạch Mai 2 và Việt Đức cơ sở 2 đến Bộ Công an xem xét điều tra.",
    "created_at": "2025-03-31T20:23:38.605+07:00",
    "is_replied": false,
    "is_active": true
  }
},
{
  "model": "contact.contact",
  "pk": 6,
  "fields": {
    "name": "Dai Nghia",
    "email": "nigrumdiaster@gmail.com",
    "subject": "Van de do an",
    "content": "Thanh tra Chính phủ chuyển hồ sơ vụ việc có dấu hiệu tội phạm tại dự án Bệnh viện Bạch Mai 2 và Việt Đức cơ sở 2 đến Bộ Công an xem xét điều tra.\n\nChiều 31/3, tại buổi công bố kết luận, Phó tổng Thanh tra Chính phủ Nguyễn Văn Cường cho biết, quá trình thanh tra đã chỉ ra những sai phạm có tính hệ thống khi triển khai dự án đầu tư xây dựng mới cơ sở 2 của Bệnh viện Bạch Mai và Bệnh viện Hữu nghị Việt Đức. Các yếu tố chủ quan xảy ra ở hầu hết các khâu, từ chuẩn bị đến đầu tư, phê duyệt chủ trương, lựa chọn nhà thầu, tổ chức đấu thầu.",
    "created_at": "2025-03-31T20:46:07.894+07:00",
    "is_replied": true,
    "is_active": true
  }
},
{
  "model": "catalogue.category",
  "pk": 4,
  "fields": {
    "name": "Hamburger",
    "description": "",
    "is_active": true
  }
},
{
  "model": "catalogue.category",
  "pk": 5,
  "fields": {
    "name": "Đá xay",
    "description": "",
    "is_active": true
  }
},
{
  "model": "catalogue.category",
  "pk": 6,
  "fields": {
    "name": "Kem",
    "description": "",
    "is_active": true
  }
},
{
  "model": "catalogue.category",
  "pk": 7,
  "fields": {
    "name": "Muffin",
    "description": "",
    "is_active": true
  }
},
{
  "model": "catalogue.category",
  "pk": 8,
  "fields": {
    "name": "Đồ uống",
    "description": "Đồ uống",
    "is_active": false
  }
},
{
  "model": "catalogue.category",
  "pk": 9,
  "fields": {
    "name": "Combo",
    "description": "",
    "is_active": true
  }
},
{
  "model": "catalogue.product",
  "pk": 6,
  "fields": {
    "name": "Muffin xúc xích, phô-mai đặc biệt",
    "description": "Muffin xúc xích, phô-mai đặc biệt",
    "mainimage": "product_main_images/sausage_mcmuffin_deluxe_0.png",
    "price": "39000.00",
    "flash_sale_price": "30000.00",
    "flash_sale_start": "2025-04-18T13:16:51.773+07:00",
    "flash_sale_end": "2025-04-19T13:16:51.773+07:00",
    "category": 7,
    "is_active": true,
    "created_at": "2025-03-10T01:56:42.720+07:00",
    "updated_at": "2025-05-06T14:46:14.513+07:00"
  }
},
{
  "model": "catalogue.product",
  "pk": 7,
  "fields": {
    "name": "Muffin Gà",
    "description": "Muffin Gà",
    "mainimage": "product_main_images/muffin-big.png",
    "price": "39000.00",
    "flash_sale_price": null,
    "flash_sale_start": "2025-04-18T13:16:51.773+07:00",
    "flash_sale_end": "2025-04-19T13:16:51.773+07:00",
    "category": 7,
    "is_active": true,
    "created_at": "2025-03-10T01:57:48.475+07:00",
    "updated_at": "2025-04-18T13:50:40.324+07:00"
  }
},
{
  "model": "catalogue.product",
  "pk": 8,
  "fields": {
    "name": "Muffin ốp-la, phô-mai",
    "description": "Muffin ốp-la, phô-mai",
    "mainimage": "product_main_images/sausage-mcmuffin-with-egg.png",
    "price": "49000.00",
    "flash_sale_price": null,
    "flash_sale_start": null,
    "flash_sale_end": null,
    "category": 7,
    "is_active": true,
    "created_at": "2025-03-10T01:58:16.641+07:00",
    "updated_at": "2025-03-10T01:58:16.641+07:00"
  }
},
{
  "model": "catalogue.product",
  "pk": 9,
  "fields": {
    "name": "Burger Bò phô mai đặc biệt",
    "description": "Burger Bò phô mai đặc biệt",
    "mainimage": "product_main_images/xmcroyaldlx_bb_jNrueJd.png.pagespeed.ic.QwZWgunRiy.webp",
    "price": "56000.00",
    "flash_sale_price": null,
    "flash_sale_start": null,
    "flash_sale_end": null,
    "category": 4,
    "is_active": true,
    "created_at": "2025-03-10T01:59:05.988+07:00",
    "updated_at": "2025-03-10T02:04:21.097+07:00"
  }
},
{
  "model": "catalogue.product",
  "pk": 10,
  "fields": {
    "name": "Burger 2 lớp bò, phô-mai",
    "description": "Burger 2 lớp bò, phô-mai",
    "mainimage": "product_main_images/xmcchickendlx_bb.png.pagespeed.ic.xWRiMJ_Enc.webp",
    "price": "66000.00",
    "flash_sale_price": null,
    "flash_sale_start": "2025-04-19T20:48:03+07:00",
    "flash_sale_end": "2025-04-21T20:48:05+07:00",
    "category": 4,
    "is_active": true,
    "created_at": "2025-03-10T01:59:40.930+07:00",
    "updated_at": "2025-04-19T20:48:32.587+07:00"
  }
},
{
  "model": "catalogue.product",
  "pk": 11,
  "fields": {
    "name": "Burger Bò miếng lớn phô-mai",
    "description": "Burger Bò miếng lớn phô-mai",
    "mainimage": "product_main_images/xchickbg.png.pagespeed.ic.vcPtK7csEr.webp",
    "price": "79000.00",
    "flash_sale_price": "70000.00",
    "flash_sale_start": "2025-04-18T18:55:56+07:00",
    "flash_sale_end": "2025-04-19T18:55:56+07:00",
    "category": 4,
    "is_active": true,
    "created_at": "2025-03-10T02:00:14.045+07:00",
    "updated_at": "2025-04-18T18:56:07.342+07:00"
  }
},
{
  "model": "catalogue.product",
  "pk": 12,
  "fields": {
    "name": "Burger Gà phô-mai đặc biệt",
    "description": "Burger Gà phô-mai đặc biệt",
    "mainimage": "product_main_images/xdoublecheese_bb.png.pagespeed.ic.yRsJe9RZ2r.webp",
    "price": "69000.00",
    "flash_sale_price": "60000.00",
    "flash_sale_start": "2025-04-18T13:55:24+07:00",
    "flash_sale_end": "2025-04-19T13:55:27+07:00",
    "category": 4,
    "is_active": true,
    "created_at": "2025-03-10T02:00:54.139+07:00",
    "updated_at": "2025-04-18T13:55:29.499+07:00"
  }
},
{
  "model": "catalogue.product",
  "pk": 13,
  "fields": {
    "name": "Burger Big Mac",
    "description": "Burger 2 lớp bò, phô-mai, rau tươi và sốt Big Mac.",
    "mainimage": "product_main_images/xmcroyaldlx_bb.png.pagespeed.ic.QwZWgunRiy.webp",
    "price": "76000.00",
    "flash_sale_price": "70000.00",
    "flash_sale_start": "2025-04-18T13:54:54+07:00",
    "flash_sale_end": "2025-04-20T13:55:00+07:00",
    "category": 4,
    "is_active": true,
    "created_at": "2025-03-10T02:01:25.447+07:00",
    "updated_at": "2025-04-18T13:55:04.017+07:00"
  }
},
{
  "model": "catalogue.product",
  "pk": 14,
  "fields": {
    "name": "Burger Gà Nhỏ Mayo",
    "description": "Burger Gà Nhỏ Mayo",
    "mainimage": "product_main_images/xchickbg_HDsK9jH.png.pagespeed.ic.vcPtK7csEr.webp",
    "price": "36000.00",
    "flash_sale_price": null,
    "flash_sale_start": null,
    "flash_sale_end": null,
    "category": 4,
    "is_active": true,
    "created_at": "2025-03-10T02:01:54.952+07:00",
    "updated_at": "2025-03-22T02:06:22.091+07:00"
  }
},
{
  "model": "catalogue.product",
  "pk": 15,
  "fields": {
    "name": "Burger Xúc Xích - 337 Kcal",
    "description": "Burger Xúc Xích - 337 Kcal",
    "mainimage": "product_main_images/xsausagebg_bb.png.pagespeed.ic.HvIz0h1bPE.webp",
    "price": "36000.00",
    "flash_sale_price": "30000.00",
    "flash_sale_start": "2025-04-18T18:55:02+07:00",
    "flash_sale_end": "2025-04-21T07:00:00+07:00",
    "category": 4,
    "is_active": true,
    "created_at": "2025-03-10T02:02:19.049+07:00",
    "updated_at": "2025-04-18T18:55:17.768+07:00"
  }
},
{
  "model": "catalogue.product",
  "pk": 16,
  "fields": {
    "name": "Burger bò truyền thống",
    "description": "Burger bò truyền thống",
    "mainimage": "product_main_images/xsausagebg_bb_LdiESqR.png.pagespeed.ic.HvIz0h1bPE.webp",
    "price": "36000.00",
    "flash_sale_price": null,
    "flash_sale_start": null,
    "flash_sale_end": null,
    "category": 4,
    "is_active": true,
    "created_at": "2025-03-10T02:03:09.374+07:00",
    "updated_at": "2025-03-10T02:03:09.374+07:00"
  }
},
{
  "model": "catalogue.product",
  "pk": 17,
  "fields": {
    "name": "Trà xanh đá xay",
    "description": "Trà xanh đá xay",
    "mainimage": "product_main_images/frappematcha.png",
    "price": "79000.00",
    "flash_sale_price": null,
    "flash_sale_start": null,
    "flash_sale_end": null,
    "category": 5,
    "is_active": true,
    "created_at": "2025-03-10T02:09:40.714+07:00",
    "updated_at": "2025-03-10T02:09:40.714+07:00"
  }
},
{
  "model": "catalogue.product",
  "pk": 18,
  "fields": {
    "name": "Caramen đá xay",
    "description": "Caramen đá xay",
    "mainimage": "product_main_images/caramelfrappe.png",
    "price": "69000.00",
    "flash_sale_price": null,
    "flash_sale_start": null,
    "flash_sale_end": null,
    "category": 5,
    "is_active": true,
    "created_at": "2025-03-10T02:10:13.038+07:00",
    "updated_at": "2025-03-10T02:10:13.038+07:00"
  }
},
{
  "model": "catalogue.product",
  "pk": 19,
  "fields": {
    "name": "Mocha Đá Xay",
    "description": "Mocha Đá Xay",
    "mainimage": "product_main_images/mochafrappe.png",
    "price": "69000.00",
    "flash_sale_price": null,
    "flash_sale_start": null,
    "flash_sale_end": null,
    "category": 5,
    "is_active": true,
    "created_at": "2025-03-10T02:10:42.713+07:00",
    "updated_at": "2025-03-10T02:10:42.713+07:00"
  }
},
{
  "model": "catalogue.product",
  "pk": 20,
  "fields": {
    "name": "Latte Đá Xay",
    "description": "Latte Đá Xay",
    "mainimage": "product_main_images/lattefrappe.png",
    "price": "69000.00",
    "flash_sale_price": "50000.00",
    "flash_sale_start": "2025-04-18T13:54:31+07:00",
    "flash_sale_end": "2025-04-19T13:54:33+07:00",
    "category": 5,
    "is_active": true,
    "created_at": "2025-03-10T02:11:20.686+07:00",
    "updated_at": "2025-04-18T13:54:37.297+07:00"
  }
},
{
  "model": "catalogue.product",
  "pk": 21,
  "fields": {
    "name": "Kem ốc quế",
    "description": "Kem ốc quế",
    "mainimage": "product_main_images/mcdonalds_cone.png",
    "price": "10000.00",
    "flash_sale_price": "5000.00",
    "flash_sale_start": "2025-04-19T20:47:39+07:00",
    "flash_sale_end": "2025-04-20T07:00:00+07:00",
    "category": 6,
    "is_active": true,
    "created_at": "2025-03-10T02:12:31.117+07:00",
    "updated_at": "2025-04-19T20:47:54.385+07:00"
  }
},
{
  "model": "catalogue.product",
  "pk": 22,
  "fields": {
    "name": "Kem McSundae™ xốt Sôcôla",
    "description": "Kem McSundae™ xốt Sôcôla",
    "mainimage": "product_main_images/hotfudge_mcsundae.png",
    "price": "29000.00",
    "flash_sale_price": null,
    "flash_sale_start": null,
    "flash_sale_end": null,
    "category": 6,
    "is_active": true,
    "created_at": "2025-03-10T02:13:00.736+07:00",
    "updated_at": "2025-03-10T02:13:00.736+07:00"
  }
},
{
  "model": "catalogue.product",
  "pk": 23,
  "fields": {
    "name": "Kem McSundae™ xốt Dâu",
    "description": "Kem McSundae™ xốt Dâu",
    "mainimage": "product_main_images/strawberry-mcsundae.png",
    "price": "29000.00",
    "flash_sale_price": null,
    "flash_sale_start": null,
    "flash_sale_end": null,
    "category": 6,
    "is_active": true,
    "created_at": "2025-03-10T02:13:25.635+07:00",
    "updated_at": "2025-03-22T02:06:17.490+07:00"
  }
},
{
  "model": "catalogue.product",
  "pk": 24,
  "fields": {
    "name": "Kem Xay Bánh Oreo™",
    "description": "Kem Xay Bánh Oreo™",
    "mainimage": "product_main_images/oreo_mcflurry.png",
    "price": "39000.00",
    "flash_sale_price": null,
    "flash_sale_start": null,
    "flash_sale_end": null,
    "category": 6,
    "is_active": true,
    "created_at": "2025-03-10T02:13:48.775+07:00",
    "updated_at": "2025-03-22T02:11:49.203+07:00"
  }
},
{
  "model": "catalogue.product",
  "pk": 25,
  "fields": {
    "name": "Kem Xay Bánh Oreo™ Trà Xanh",
    "description": "Kem Xay Bánh Oreo™ Trà Xanh",
    "mainimage": "product_main_images/mcfmc.png",
    "price": "39000.00",
    "flash_sale_price": null,
    "flash_sale_start": null,
    "flash_sale_end": null,
    "category": 6,
    "is_active": true,
    "created_at": "2025-03-10T02:14:08.471+07:00",
    "updated_at": "2025-03-22T02:11:51.180+07:00"
  }
},
{
  "model": "catalogue.product",
  "pk": 26,
  "fields": {
    "name": "Milo",
    "description": "Milo",
    "mainimage": "product_main_images/milo.png",
    "price": "35000.00",
    "flash_sale_price": null,
    "flash_sale_start": null,
    "flash_sale_end": null,
    "category": 8,
    "is_active": true,
    "created_at": "2025-03-23T06:04:37.762+07:00",
    "updated_at": "2025-03-23T07:30:16.777+07:00"
  }
},
{
  "model": "catalogue.product",
  "pk": 27,
  "fields": {
    "name": "Fanta",
    "description": "Fanta",
    "mainimage": "product_main_images/hero-pdt-Fanta-201703_0.png",
    "price": "25000.00",
    "flash_sale_price": "20000.00",
    "flash_sale_start": "2025-04-18T18:56:18+07:00",
    "flash_sale_end": "2025-04-19T18:56:19+07:00",
    "category": 8,
    "is_active": true,
    "created_at": "2025-03-23T06:07:57.378+07:00",
    "updated_at": "2025-04-18T18:56:25.608+07:00"
  }
},
{
  "model": "catalogue.product",
  "pk": 28,
  "fields": {
    "name": "Sprite",
    "description": "Sprite",
    "mainimage": "product_main_images/Product_thumb_Sprite.png",
    "price": "30000.00",
    "flash_sale_price": null,
    "flash_sale_start": null,
    "flash_sale_end": null,
    "category": 8,
    "is_active": true,
    "created_at": "2025-03-23T06:44:38.560+07:00",
    "updated_at": "2025-03-23T07:30:09.291+07:00"
  }
},
{
  "model": "catalogue.product",
  "pk": 29,
  "fields": {
    "name": "Milk",
    "description": "Milk",
    "mainimage": "product_main_images/milk_300x300.png",
    "price": "55000.00",
    "flash_sale_price": "50000.00",
    "flash_sale_start": "2025-04-19T20:48:44+07:00",
    "flash_sale_end": "2025-04-20T00:48:45+07:00",
    "category": 8,
    "is_active": true,
    "created_at": "2025-03-23T07:32:21.450+07:00",
    "updated_at": "2025-04-19T20:48:50.676+07:00"
  }
},
{
  "model": "catalogue.product",
  "pk": 30,
  "fields": {
    "name": "Dasani",
    "description": "Dasani",
    "mainimage": "product_main_images/milk_300x300_RevNNCp.png",
    "price": "35000.00",
    "flash_sale_price": null,
    "flash_sale_start": null,
    "flash_sale_end": null,
    "category": 8,
    "is_active": true,
    "created_at": "2025-03-23T08:13:09.684+07:00",
    "updated_at": "2025-03-24T02:27:43.068+07:00"
  }
},
{
  "model": "catalogue.product",
  "pk": 31,
  "fields": {
    "name": "4 Piece Chicken McNuggets® Happy Meal®",
    "description": "Enjoy a 4 Piece Chicken McNuggets Happy Meal",
    "mainimage": "product_main_images/4mcnugget.png",
    "price": "35000.00",
    "flash_sale_price": "20000.00",
    "flash_sale_start": "2025-04-18T13:52:45+07:00",
    "flash_sale_end": "2025-04-19T13:52:57+07:00",
    "category": 9,
    "is_active": true,
    "created_at": "2025-03-31T20:20:40.359+07:00",
    "updated_at": "2025-04-18T13:53:11.307+07:00"
  }
},
{
  "model": "catalogue.productimage",
  "pk": 3,
  "fields": {
    "product": 26,
    "image": "product_images/P11440_1_l.webp"
  }
},
{
  "model": "catalogue.productimage",
  "pk": 4,
  "fields": {
    "product": 27,
    "image": "product_images/nuoc-ngot-fanta-huong-cam-320ml-301124-152540-1732955876259.webp"
  }
},
{
  "model": "catalogue.productimage",
  "pk": 5,
  "fields": {
    "product": 27,
    "image": "product_images/nuoc-ngot-fanta-vi-cam-160ml.webp"
  }
},
{
  "model": "catalogue.productimage",
  "pk": 6,
  "fields": {
    "product": 27,
    "image": "product_images/tran3_02f01ca27c5640a3b7e0abf28df654d5_grande.webp"
  }
},
{
  "model": "catalogue.productimage",
  "pk": 7,
  "fields": {
    "product": 28,
    "image": "product_images/e18_adef87e7cbf64567bb9d71abc0b82c94_grande.webp"
  }
},
{
  "model": "catalogue.productimage",
  "pk": 8,
  "fields": {
    "product": 28,
    "image": "product_images/nuoc-ngot-sprite.jpg"
  }
},
{
  "model": "catalogue.productimage",
  "pk": 9,
  "fields": {
    "product": 28,
    "image": "product_images/Sprite-glass.jpg"
  }
},
{
  "model": "catalogue.productimage",
  "pk": 10,
  "fields": {
    "product": 29,
    "image": "product_images/114346974.webp"
  }
},
{
  "model": "catalogue.productimage",
  "pk": 11,
  "fields": {
    "product": 29,
    "image": "product_images/CreamyCowMilk3.jpeg_1719229260735.jpeg"
  }
},
{
  "model": "catalogue.productimage",
  "pk": 12,
  "fields": {
    "product": 29,
    "image": "product_images/VIER_PFOTEN_2016-11-16_036-2890x2000-1920x1329.jpg"
  }
},
{
  "model": "catalogue.productimage",
  "pk": 13,
  "fields": {
    "product": 30,
    "image": "product_images/dasani_water.png"
  }
},
{
  "model": "catalogue.productimage",
  "pk": 14,
  "fields": {
    "product": 30,
    "image": "product_images/hero-pdt-Fanta-201703_0.png"
  }
},
{
  "model": "catalogue.productimage",
  "pk": 15,
  "fields": {
    "product": 30,
    "image": "product_images/mcd-food-beverages-soft-drinks-coke.png"
  }
},
{
  "model": "catalogue.productimage",
  "pk": 16,
  "fields": {
    "product": 30,
    "image": "product_images/milk_300x300.png"
  }
},
{
  "model": "catalogue.productimage",
  "pk": 17,
  "fields": {
    "product": 30,
    "image": "product_images/milo.png"
  }
},
{
  "model": "order.order",
  "pk": 1,
  "fields": {
    "user": 9,
    "phone_number": "0754147506",
    "address": "string",
    "total_price": 533000,
    "notes": null,
    "created_at": "2025-03-10T14:15:59.780+07:00",
    "status": "adh",
    "payment_method": "cod",
    "payment_status": "pending"
  }
},
{
  "model": "order.order",
  "pk": 2,
  "fields": {
    "user": 9,
    "phone_number": "0967724754",
    "address": "string",
    "total_price": 262000,
    "notes": null,
    "created_at": "2025-03-15T14:15:44.989+07:00",
    "status": "cxl",
    "payment_method": "cod",
    "payment_status": "paid"
  }
},
{
  "model": "order.order",
  "pk": 3,
  "fields": {
    "user": 9,
    "phone_number": "0967724754",
    "address": "string",
    "total_price": 193000,
    "notes": null,
    "created_at": "2025-03-15T14:17:26.195+07:00",
    "status": "cxl",
    "payment_method": "cod",
    "payment_status": "pending"
  }
},
{
  "model": "order.order",
  "pk": 4,
  "fields": {
    "user": 12,
    "phone_number": "0967724754",
    "address": "string",
    "total_price": 253000,
    "notes": null,
    "created_at": "2025-03-15T14:20:29.365+07:00",
    "status": "cxl",
    "payment_method": "cod",
    "payment_status": "pending"
  }
},
{
  "model": "order.order",
  "pk": 5,
  "fields": {
    "user": 2,
    "phone_number": "0451125332",
    "address": "string",
    "total_price": 2271000,
    "notes": null,
    "created_at": "2025-03-22T21:27:59.097+07:00",
    "status": "cxl",
    "payment_method": "cod",
    "payment_status": "pending"
  }
},
{
  "model": "order.order",
  "pk": 6,
  "fields": {
    "user": 2,
    "phone_number": "0451125332",
    "address": "string",
    "total_price": 313000,
    "notes": null,
    "created_at": "2025-03-22T21:29:28.366+07:00",
    "status": "cxl",
    "payment_method": "cod",
    "payment_status": "pending"
  }
},
{
  "model": "order.order",
  "pk": 7,
  "fields": {
    "user": 9,
    "phone_number": "0945311345",
    "address": "ádasdasd",
    "total_price": 2660000,
    "notes": null,
    "created_at": "2025-03-24T19:43:23.849+07:00",
    "status": "cxl",
    "payment_method": "cod",
    "payment_status": "pending"
  }
},
{
  "model": "order.order",
  "pk": 8,
  "fields": {
    "user": 9,
    "phone_number": "0123456789",
    "address": "adsad",
    "total_price": 464000,
    "notes": null,
    "created_at": "2025-03-24T19:45:22.485+07:00",
    "status": "cxl",
    "payment_method": "cod",
    "payment_status": "pending"
  }
},
{
  "model": "order.order",
  "pk": 9,
  "fields": {
    "user": 9,
    "phone_number": "0123456789",
    "address": "adsdas123",
    "total_price": 331000,
    "notes": null,
    "created_at": "2025-03-24T19:47:40.673+07:00",
    "status": "dghh",
    "payment_method": "cod",
    "payment_status": "pending"
  }
},
{
  "model": "order.order",
  "pk": 10,
  "fields": {
    "user": 9,
    "phone_number": "0123456789",
    "address": "asdasdas",
    "total_price": 395000,
    "notes": null,
    "created_at": "2025-03-24T21:04:42.423+07:00",
    "status": "dcbh",
    "payment_method": "cod",
    "payment_status": "pending"
  }
},
{
  "model": "order.order",
  "pk": 11,
  "fields": {
    "user": 2,
    "phone_number": "0944444123",
    "address": "đâsdasdasd",
    "total_price": 470000,
    "notes": null,
    "created_at": "2025-04-18T14:10:13.771+07:00",
    "status": "cxl",
    "payment_method": "cod",
    "payment_status": "pending"
  }
},
{
  "model": "order.order",
  "pk": 12,
  "fields": {
    "user": 2,
    "phone_number": "0450012324",
    "address": "qưeqaweqwe",
    "total_price": 196000,
    "notes": null,
    "created_at": "2025-04-18T14:12:38.196+07:00",
    "status": "cxl",
    "payment_method": "cod",
    "payment_status": "pending"
  }
},
{
  "model": "order.order",
  "pk": 13,
  "fields": {
    "user": 2,
    "phone_number": "0123456780",
    "address": "ewqweqwe",
    "total_price": 180000,
    "notes": null,
    "created_at": "2025-04-18T14:14:07.191+07:00",
    "status": "cxl",
    "payment_method": "cod",
    "payment_status": "pending"
  }
},
{
  "model": "order.order",
  "pk": 14,
  "fields": {
    "user": 9,
    "phone_number": "0453396048",
    "address": "string",
    "total_price": 380000,
    "notes": null,
    "created_at": "2025-04-19T16:43:29.020+07:00",
    "status": "cxl",
    "payment_method": "ppl",
    "payment_status": "pending"
  }
},
{
  "model": "order.order",
  "pk": 15,
  "fields": {
    "user": 9,
    "phone_number": "0453396048",
    "address": "string",
    "total_price": 294000,
    "notes": null,
    "created_at": "2025-04-19T16:44:51.604+07:00",
    "status": "cxl",
    "payment_method": "ppl",
    "payment_status": "paid"
  }
},
{
  "model": "order.order",
  "pk": 16,
  "fields": {
    "user": 9,
    "phone_number": null,
    "address": null,
    "total_price": 236000,
    "notes": null,
    "created_at": "2025-04-19T17:01:40.047+07:00",
    "status": "cxl",
    "payment_method": "ppl",
    "payment_status": "pending"
  }
},
{
  "model": "order.order",
  "pk": 17,
  "fields": {
    "user": 9,
    "phone_number": null,
    "address": null,
    "total_price": 246000,
    "notes": null,
    "created_at": "2025-04-19T17:08:30.112+07:00",
    "status": "cxl",
    "payment_method": "ppl",
    "payment_status": "paid"
  }
},
{
  "model": "order.order",
  "pk": 18,
  "fields": {
    "user": 9,
    "phone_number": null,
    "address": null,
    "total_price": 190000,
    "notes": null,
    "created_at": "2025-04-19T17:08:44.753+07:00",
    "status": "cxl",
    "payment_method": "cod",
    "payment_status": "pending"
  }
},
{
  "model": "order.order",
  "pk": 19,
  "fields": {
    "user": 9,
    "phone_number": "0384336333",
    "address": "702 XL Ha Noi",
    "total_price": 776000,
    "notes": null,
    "created_at": "2025-04-19T21:51:57.520+07:00",
    "status": "cxl",
    "payment_method": "ppl",
    "payment_status": "paid"
  }
},
{
  "model": "order.orderdetail",
  "pk": 1,
  "fields": {
    "order": 1,
    "product": 14,
    "unit_price": 36000,
    "quantity": 4,
    "total_price": 144000
  }
},
{
  "model": "order.orderdetail",
  "pk": 2,
  "fields": {
    "order": 1,
    "product": 10,
    "unit_price": 66000,
    "quantity": 3,
    "total_price": 198000
  }
},
{
  "model": "order.orderdetail",
  "pk": 3,
  "fields": {
    "order": 1,
    "product": 9,
    "unit_price": 56000,
    "quantity": 2,
    "total_price": 112000
  }
},
{
  "model": "order.orderdetail",
  "pk": 4,
  "fields": {
    "order": 1,
    "product": 11,
    "unit_price": 79000,
    "quantity": 1,
    "total_price": 79000
  }
},
{
  "model": "order.orderdetail",
  "pk": 5,
  "fields": {
    "order": 2,
    "product": 7,
    "unit_price": 39000,
    "quantity": 3,
    "total_price": 117000
  }
},
{
  "model": "order.orderdetail",
  "pk": 6,
  "fields": {
    "order": 2,
    "product": 10,
    "unit_price": 66000,
    "quantity": 1,
    "total_price": 66000
  }
},
{
  "model": "order.orderdetail",
  "pk": 7,
  "fields": {
    "order": 2,
    "product": 11,
    "unit_price": 79000,
    "quantity": 1,
    "total_price": 79000
  }
},
{
  "model": "order.orderdetail",
  "pk": 8,
  "fields": {
    "order": 3,
    "product": 10,
    "unit_price": 66000,
    "quantity": 1,
    "total_price": 66000
  }
},
{
  "model": "order.orderdetail",
  "pk": 9,
  "fields": {
    "order": 3,
    "product": 19,
    "unit_price": 69000,
    "quantity": 1,
    "total_price": 69000
  }
},
{
  "model": "order.orderdetail",
  "pk": 10,
  "fields": {
    "order": 3,
    "product": 23,
    "unit_price": 29000,
    "quantity": 2,
    "total_price": 58000
  }
},
{
  "model": "order.orderdetail",
  "pk": 11,
  "fields": {
    "order": 4,
    "product": 12,
    "unit_price": 69000,
    "quantity": 1,
    "total_price": 69000
  }
},
{
  "model": "order.orderdetail",
  "pk": 12,
  "fields": {
    "order": 4,
    "product": 18,
    "unit_price": 69000,
    "quantity": 1,
    "total_price": 69000
  }
},
{
  "model": "order.orderdetail",
  "pk": 13,
  "fields": {
    "order": 4,
    "product": 17,
    "unit_price": 79000,
    "quantity": 1,
    "total_price": 79000
  }
},
{
  "model": "order.orderdetail",
  "pk": 14,
  "fields": {
    "order": 4,
    "product": 15,
    "unit_price": 36000,
    "quantity": 1,
    "total_price": 36000
  }
},
{
  "model": "order.orderdetail",
  "pk": 15,
  "fields": {
    "order": 5,
    "product": 9,
    "unit_price": 56000,
    "quantity": 1,
    "total_price": 56000
  }
},
{
  "model": "order.orderdetail",
  "pk": 16,
  "fields": {
    "order": 5,
    "product": 10,
    "unit_price": 66000,
    "quantity": 8,
    "total_price": 528000
  }
},
{
  "model": "order.orderdetail",
  "pk": 17,
  "fields": {
    "order": 5,
    "product": 20,
    "unit_price": 69000,
    "quantity": 2,
    "total_price": 138000
  }
},
{
  "model": "order.orderdetail",
  "pk": 18,
  "fields": {
    "order": 5,
    "product": 18,
    "unit_price": 69000,
    "quantity": 6,
    "total_price": 414000
  }
},
{
  "model": "order.orderdetail",
  "pk": 19,
  "fields": {
    "order": 5,
    "product": 11,
    "unit_price": 79000,
    "quantity": 13,
    "total_price": 1027000
  }
},
{
  "model": "order.orderdetail",
  "pk": 20,
  "fields": {
    "order": 5,
    "product": 17,
    "unit_price": 79000,
    "quantity": 1,
    "total_price": 79000
  }
},
{
  "model": "order.orderdetail",
  "pk": 21,
  "fields": {
    "order": 5,
    "product": 22,
    "unit_price": 29000,
    "quantity": 1,
    "total_price": 29000
  }
},
{
  "model": "order.orderdetail",
  "pk": 22,
  "fields": {
    "order": 6,
    "product": 22,
    "unit_price": 29000,
    "quantity": 4,
    "total_price": 116000
  }
},
{
  "model": "order.orderdetail",
  "pk": 23,
  "fields": {
    "order": 6,
    "product": 11,
    "unit_price": 79000,
    "quantity": 2,
    "total_price": 158000
  }
},
{
  "model": "order.orderdetail",
  "pk": 24,
  "fields": {
    "order": 6,
    "product": 25,
    "unit_price": 39000,
    "quantity": 1,
    "total_price": 39000
  }
},
{
  "model": "order.orderdetail",
  "pk": 25,
  "fields": {
    "order": 7,
    "product": 10,
    "unit_price": 66000,
    "quantity": 10,
    "total_price": 660000
  }
},
{
  "model": "order.orderdetail",
  "pk": 26,
  "fields": {
    "order": 7,
    "product": 17,
    "unit_price": 79000,
    "quantity": 14,
    "total_price": 1106000
  }
},
{
  "model": "order.orderdetail",
  "pk": 27,
  "fields": {
    "order": 7,
    "product": 23,
    "unit_price": 29000,
    "quantity": 2,
    "total_price": 58000
  }
},
{
  "model": "order.orderdetail",
  "pk": 28,
  "fields": {
    "order": 7,
    "product": 7,
    "unit_price": 39000,
    "quantity": 2,
    "total_price": 78000
  }
},
{
  "model": "order.orderdetail",
  "pk": 29,
  "fields": {
    "order": 7,
    "product": 12,
    "unit_price": 69000,
    "quantity": 2,
    "total_price": 138000
  }
},
{
  "model": "order.orderdetail",
  "pk": 30,
  "fields": {
    "order": 7,
    "product": 6,
    "unit_price": 39000,
    "quantity": 3,
    "total_price": 117000
  }
},
{
  "model": "order.orderdetail",
  "pk": 31,
  "fields": {
    "order": 7,
    "product": 18,
    "unit_price": 69000,
    "quantity": 1,
    "total_price": 69000
  }
},
{
  "model": "order.orderdetail",
  "pk": 32,
  "fields": {
    "order": 7,
    "product": 11,
    "unit_price": 79000,
    "quantity": 2,
    "total_price": 158000
  }
},
{
  "model": "order.orderdetail",
  "pk": 33,
  "fields": {
    "order": 7,
    "product": 20,
    "unit_price": 69000,
    "quantity": 4,
    "total_price": 276000
  }
},
{
  "model": "order.orderdetail",
  "pk": 34,
  "fields": {
    "order": 8,
    "product": 10,
    "unit_price": 66000,
    "quantity": 1,
    "total_price": 66000
  }
},
{
  "model": "order.orderdetail",
  "pk": 35,
  "fields": {
    "order": 8,
    "product": 9,
    "unit_price": 56000,
    "quantity": 1,
    "total_price": 56000
  }
},
{
  "model": "order.orderdetail",
  "pk": 36,
  "fields": {
    "order": 8,
    "product": 18,
    "unit_price": 69000,
    "quantity": 1,
    "total_price": 69000
  }
},
{
  "model": "order.orderdetail",
  "pk": 37,
  "fields": {
    "order": 8,
    "product": 24,
    "unit_price": 39000,
    "quantity": 6,
    "total_price": 234000
  }
},
{
  "model": "order.orderdetail",
  "pk": 38,
  "fields": {
    "order": 8,
    "product": 7,
    "unit_price": 39000,
    "quantity": 1,
    "total_price": 39000
  }
},
{
  "model": "order.orderdetail",
  "pk": 39,
  "fields": {
    "order": 9,
    "product": 10,
    "unit_price": 66000,
    "quantity": 2,
    "total_price": 132000
  }
},
{
  "model": "order.orderdetail",
  "pk": 40,
  "fields": {
    "order": 9,
    "product": 9,
    "unit_price": 56000,
    "quantity": 1,
    "total_price": 56000
  }
},
{
  "model": "order.orderdetail",
  "pk": 41,
  "fields": {
    "order": 9,
    "product": 26,
    "unit_price": 35000,
    "quantity": 1,
    "total_price": 35000
  }
},
{
  "model": "order.orderdetail",
  "pk": 42,
  "fields": {
    "order": 9,
    "product": 25,
    "unit_price": 39000,
    "quantity": 1,
    "total_price": 39000
  }
},
{
  "model": "order.orderdetail",
  "pk": 43,
  "fields": {
    "order": 9,
    "product": 19,
    "unit_price": 69000,
    "quantity": 1,
    "total_price": 69000
  }
},
{
  "model": "order.orderdetail",
  "pk": 44,
  "fields": {
    "order": 10,
    "product": 30,
    "unit_price": 35000,
    "quantity": 3,
    "total_price": 105000
  }
},
{
  "model": "order.orderdetail",
  "pk": 45,
  "fields": {
    "order": 10,
    "product": 10,
    "unit_price": 66000,
    "quantity": 2,
    "total_price": 132000
  }
},
{
  "model": "order.orderdetail",
  "pk": 46,
  "fields": {
    "order": 10,
    "product": 11,
    "unit_price": 79000,
    "quantity": 2,
    "total_price": 158000
  }
},
{
  "model": "order.orderdetail",
  "pk": 47,
  "fields": {
    "order": 11,
    "product": 31,
    "unit_price": 35000,
    "quantity": 1,
    "total_price": 35000
  }
},
{
  "model": "order.orderdetail",
  "pk": 48,
  "fields": {
    "order": 11,
    "product": 13,
    "unit_price": 76000,
    "quantity": 3,
    "total_price": 228000
  }
},
{
  "model": "order.orderdetail",
  "pk": 49,
  "fields": {
    "order": 11,
    "product": 12,
    "unit_price": 69000,
    "quantity": 2,
    "total_price": 138000
  }
},
{
  "model": "order.orderdetail",
  "pk": 50,
  "fields": {
    "order": 11,
    "product": 20,
    "unit_price": 69000,
    "quantity": 1,
    "total_price": 69000
  }
},
{
  "model": "order.orderdetail",
  "pk": 51,
  "fields": {
    "order": 12,
    "product": 13,
    "unit_price": 76000,
    "quantity": 1,
    "total_price": 76000
  }
},
{
  "model": "order.orderdetail",
  "pk": 52,
  "fields": {
    "order": 12,
    "product": 20,
    "unit_price": 69000,
    "quantity": 1,
    "total_price": 69000
  }
},
{
  "model": "order.orderdetail",
  "pk": 53,
  "fields": {
    "order": 12,
    "product": 9,
    "unit_price": 56000,
    "quantity": 1,
    "total_price": 56000
  }
},
{
  "model": "order.orderdetail",
  "pk": 54,
  "fields": {
    "order": 12,
    "product": 31,
    "unit_price": 35000,
    "quantity": 1,
    "total_price": 35000
  }
},
{
  "model": "order.orderdetail",
  "pk": 55,
  "fields": {
    "order": 13,
    "product": 20,
    "unit_price": 69000,
    "quantity": 1,
    "total_price": 69000
  }
},
{
  "model": "order.orderdetail",
  "pk": 56,
  "fields": {
    "order": 13,
    "product": 13,
    "unit_price": 76000,
    "quantity": 1,
    "total_price": 76000
  }
},
{
  "model": "order.orderdetail",
  "pk": 57,
  "fields": {
    "order": 13,
    "product": 12,
    "unit_price": 69000,
    "quantity": 1,
    "total_price": 69000
  }
},
{
  "model": "order.orderdetail",
  "pk": 58,
  "fields": {
    "order": 14,
    "product": 10,
    "unit_price": 66000,
    "quantity": 1,
    "total_price": 66000
  }
},
{
  "model": "order.orderdetail",
  "pk": 59,
  "fields": {
    "order": 14,
    "product": 29,
    "unit_price": 55000,
    "quantity": 1,
    "total_price": 55000
  }
},
{
  "model": "order.orderdetail",
  "pk": 60,
  "fields": {
    "order": 14,
    "product": 23,
    "unit_price": 29000,
    "quantity": 1,
    "total_price": 29000
  }
},
{
  "model": "order.orderdetail",
  "pk": 61,
  "fields": {
    "order": 14,
    "product": 7,
    "unit_price": 39000,
    "quantity": 1,
    "total_price": 39000
  }
},
{
  "model": "order.orderdetail",
  "pk": 62,
  "fields": {
    "order": 14,
    "product": 26,
    "unit_price": 35000,
    "quantity": 1,
    "total_price": 35000
  }
},
{
  "model": "order.orderdetail",
  "pk": 63,
  "fields": {
    "order": 14,
    "product": 6,
    "unit_price": 39000,
    "quantity": 4,
    "total_price": 156000
  }
},
{
  "model": "order.orderdetail",
  "pk": 64,
  "fields": {
    "order": 15,
    "product": 11,
    "unit_price": 79000,
    "quantity": 2,
    "total_price": 158000
  }
},
{
  "model": "order.orderdetail",
  "pk": 65,
  "fields": {
    "order": 15,
    "product": 13,
    "unit_price": 76000,
    "quantity": 1,
    "total_price": 76000
  }
},
{
  "model": "order.orderdetail",
  "pk": 66,
  "fields": {
    "order": 15,
    "product": 30,
    "unit_price": 35000,
    "quantity": 1,
    "total_price": 35000
  }
},
{
  "model": "order.orderdetail",
  "pk": 67,
  "fields": {
    "order": 15,
    "product": 8,
    "unit_price": 49000,
    "quantity": 1,
    "total_price": 49000
  }
},
{
  "model": "order.orderdetail",
  "pk": 68,
  "fields": {
    "order": 16,
    "product": 15,
    "unit_price": 36000,
    "quantity": 1,
    "total_price": 36000
  }
},
{
  "model": "order.orderdetail",
  "pk": 69,
  "fields": {
    "order": 16,
    "product": 13,
    "unit_price": 76000,
    "quantity": 1,
    "total_price": 76000
  }
},
{
  "model": "order.orderdetail",
  "pk": 70,
  "fields": {
    "order": 16,
    "product": 11,
    "unit_price": 79000,
    "quantity": 1,
    "total_price": 79000
  }
},
{
  "model": "order.orderdetail",
  "pk": 71,
  "fields": {
    "order": 16,
    "product": 10,
    "unit_price": 66000,
    "quantity": 1,
    "total_price": 66000
  }
},
{
  "model": "order.orderdetail",
  "pk": 72,
  "fields": {
    "order": 17,
    "product": 15,
    "unit_price": 36000,
    "quantity": 1,
    "total_price": 36000
  }
},
{
  "model": "order.orderdetail",
  "pk": 73,
  "fields": {
    "order": 17,
    "product": 13,
    "unit_price": 76000,
    "quantity": 1,
    "total_price": 76000
  }
},
{
  "model": "order.orderdetail",
  "pk": 74,
  "fields": {
    "order": 17,
    "product": 27,
    "unit_price": 25000,
    "quantity": 1,
    "total_price": 25000
  }
},
{
  "model": "order.orderdetail",
  "pk": 75,
  "fields": {
    "order": 17,
    "product": 11,
    "unit_price": 79000,
    "quantity": 1,
    "total_price": 79000
  }
},
{
  "model": "order.orderdetail",
  "pk": 76,
  "fields": {
    "order": 17,
    "product": 9,
    "unit_price": 56000,
    "quantity": 1,
    "total_price": 56000
  }
},
{
  "model": "order.orderdetail",
  "pk": 77,
  "fields": {
    "order": 18,
    "product": 15,
    "unit_price": 36000,
    "quantity": 1,
    "total_price": 36000
  }
},
{
  "model": "order.orderdetail",
  "pk": 78,
  "fields": {
    "order": 18,
    "product": 13,
    "unit_price": 76000,
    "quantity": 1,
    "total_price": 76000
  }
},
{
  "model": "order.orderdetail",
  "pk": 79,
  "fields": {
    "order": 18,
    "product": 11,
    "unit_price": 79000,
    "quantity": 1,
    "total_price": 79000
  }
},
{
  "model": "order.orderdetail",
  "pk": 80,
  "fields": {
    "order": 18,
    "product": 27,
    "unit_price": 25000,
    "quantity": 1,
    "total_price": 25000
  }
},
{
  "model": "order.orderdetail",
  "pk": 81,
  "fields": {
    "order": 19,
    "product": 15,
    "unit_price": 36000,
    "quantity": 5,
    "total_price": 180000
  }
},
{
  "model": "order.orderdetail",
  "pk": 82,
  "fields": {
    "order": 19,
    "product": 13,
    "unit_price": 76000,
    "quantity": 1,
    "total_price": 76000
  }
},
{
  "model": "order.orderdetail",
  "pk": 83,
  "fields": {
    "order": 19,
    "product": 27,
    "unit_price": 25000,
    "quantity": 3,
    "total_price": 75000
  }
},
{
  "model": "order.orderdetail",
  "pk": 84,
  "fields": {
    "order": 19,
    "product": 11,
    "unit_price": 79000,
    "quantity": 2,
    "total_price": 158000
  }
},
{
  "model": "order.orderdetail",
  "pk": 85,
  "fields": {
    "order": 19,
    "product": 10,
    "unit_price": 66000,
    "quantity": 1,
    "total_price": 66000
  }
},
{
  "model": "order.orderdetail",
  "pk": 86,
  "fields": {
    "order": 19,
    "product": 9,
    "unit_price": 56000,
    "quantity": 3,
    "total_price": 168000
  }
},
{
  "model": "order.orderdetail",
  "pk": 87,
  "fields": {
    "order": 19,
    "product": 7,
    "unit_price": 39000,
    "quantity": 1,
    "total_price": 39000
  }
},
{
  "model": "order.orderdetail",
  "pk": 88,
  "fields": {
    "order": 19,
    "product": 29,
    "unit_price": 55000,
    "quantity": 1,
    "total_price": 55000
  }
},
{
  "model": "users.user",
  "pk": 2,
  "fields": {
    "password": "pbkdf2_sha256$870000$08cWxUfFGCcN7IM3clvO4a$zWby2yrUw0JSQuOHHyoBOPc7AMzEKO3haNCWG6VYON4=",
    "last_login": "2025-05-19T19:12:29.907+07:00",
    "is_superuser": true,
    "username": "admin@123",
    "email": "",
    "is_staff": true,
    "is_active": true,
    "date_joined": "2025-03-07T22:08:32.552+07:00",
    "first_name": "nghia",
    "last_name": "luong",
    "phone_number": null,
    "address": null,
    "date_of_birth": null,
    "groups": [],
    "user_permissions": []
  }
},
{
  "model": "users.user",
  "pk": 9,
  "fields": {
    "password": "pbkdf2_sha256$870000$iinQlIMeM0h3GGHYao2iQQ$vLfNKhEs/vztLbEOnsy/2pVSB2naPuzHtu5mmC38WYc=",
    "last_login": null,
    "is_superuser": false,
    "username": "dainghia@test1",
    "email": "dainghia@test1.com",
    "is_staff": false,
    "is_active": true,
    "date_joined": "2025-03-10T02:07:40+07:00",
    "first_name": "Luong",
    "last_name": "Nghia",
    "phone_number": "0384336333",
    "address": "702 XL Ha Noi",
    "date_of_birth": null,
    "groups": [],
    "user_permissions": []
  }
},
{
  "model": "users.user",
  "pk": 10,
  "fields": {
    "password": "pbkdf2_sha256$870000$989WGHaG7fD6P3XwDUXHHf$gx+JaRazzcv//GnslxI5ZK6Eskn5i1xSOnp/HI5+UV4=",
    "last_login": null,
    "is_superuser": false,
    "username": "nghia@test123",
    "email": "",
    "is_staff": false,
    "is_active": true,
    "date_joined": "2025-03-15T13:04:38.734+07:00",
    "first_name": "dai",
    "last_name": "nghia",
    "phone_number": null,
    "address": null,
    "date_of_birth": null,
    "groups": [],
    "user_permissions": []
  }
},
{
  "model": "users.user",
  "pk": 11,
  "fields": {
    "password": "pbkdf2_sha256$870000$sr7WkNRcmXt0ViAV39sAn6$9SIgD3wN2TGvegJBDcPSAdV1D3h1d3syTELa3xpeA3I=",
    "last_login": null,
    "is_superuser": false,
    "username": "dainghia@test243",
    "email": "",
    "is_staff": false,
    "is_active": false,
    "date_joined": "2025-03-15T13:08:14.768+07:00",
    "first_name": "Luong",
    "last_name": "Nghia",
    "phone_number": null,
    "address": null,
    "date_of_birth": null,
    "groups": [],
    "user_permissions": []
  }
},
{
  "model": "users.user",
  "pk": 12,
  "fields": {
    "password": "pbkdf2_sha256$870000$tGT1tTmf99vEeIUq3cDMJ4$jLTc8PlniU8Z/n8HUD/6cnEZQZLqZQ1i0HqvToCyCU0=",
    "last_login": null,
    "is_superuser": false,
    "username": "nghia@admin",
    "email": "",
    "is_staff": false,
    "is_active": true,
    "date_joined": "2025-03-15T14:19:21.201+07:00",
    "first_name": "Luong",
    "last_name": "Nghia",
    "phone_number": null,
    "address": null,
    "date_of_birth": null,
    "groups": [],
    "user_permissions": []
  }
},
{
  "model": "users.user",
  "pk": 13,
  "fields": {
    "password": "pbkdf2_sha256$870000$g3qDY77YjDZos19fhfzU6o$2ojeU028+HFP+5MQTv2WMcaFgYN+dVIUHZcKTKkbNMc=",
    "last_login": null,
    "is_superuser": false,
    "username": "dainghia@234",
    "email": "",
    "is_staff": false,
    "is_active": false,
    "date_joined": "2025-03-16T15:22:36.681+07:00",
    "first_name": "Luong",
    "last_name": "Nghia",
    "phone_number": null,
    "address": null,
    "date_of_birth": null,
    "groups": [],
    "user_permissions": []
  }
},
{
  "model": "users.user",
  "pk": 14,
  "fields": {
    "password": "pbkdf2_sha256$870000$wKsh4F6xkgWVnt2bMJzlxs$TBCeUe4S6CHUvM0wE3R2fLwqyjjDBmFQqDfU8k+Uq+E=",
    "last_login": null,
    "is_superuser": false,
    "username": "dainghia@12313",
    "email": "",
    "is_staff": false,
    "is_active": false,
    "date_joined": "2025-03-17T19:50:45.929+07:00",
    "first_name": "Nghia",
    "last_name": "Luong",
    "phone_number": "0384336802",
    "address": "702 XL Ha Noi",
    "date_of_birth": "2025-03-07",
    "groups": [],
    "user_permissions": []
  }
},
{
  "model": "users.user",
  "pk": 15,
  "fields": {
    "password": "pbkdf2_sha256$870000$Zd1Diu8ILt0udcC0sjU8ur$2psCRK1+Ph5wd/Xpef2W65Q60hd2UA/8by9e2zp3vQ0=",
    "last_login": null,
    "is_superuser": false,
    "username": "dainghia@213213",
    "email": "",
    "is_staff": false,
    "is_active": true,
    "date_joined": "2025-03-17T20:02:38.737+07:00",
    "first_name": "Nghia",
    "last_name": "Nghia",
    "phone_number": null,
    "address": null,
    "date_of_birth": null,
    "groups": [],
    "user_permissions": []
  }
},
{
  "model": "users.user",
  "pk": 16,
  "fields": {
    "password": "pbkdf2_sha256$870000$gPPD1vgKpcxEODeqHfF9kI$xAyp8ZUmXKVIszCaZeK9blE6e3sHzgnGheEtndRE9gI=",
    "last_login": null,
    "is_superuser": false,
    "username": "dainghia@test324",
    "email": "",
    "is_staff": false,
    "is_active": true,
    "date_joined": "2025-04-28T16:49:08.045+07:00",
    "first_name": "Nghia",
    "last_name": "Dai",
    "phone_number": null,
    "address": null,
    "date_of_birth": null,
    "groups": [],
    "user_permissions": []
  }
}
]
